wallet	first_seen_ts_iso	first_seen_minute_iso
5aYArCR1YTfmWt9PQJGNoW5YG7BZMVgH794iM4HYmZNZ	2026-01-20T03:08:01+08:00	2026-01-20T03:08:00+08:00
DRpgwVyUpF2CL4QLgXae2MqDWoyRzM8Y5z6y6n7MynJH	2026-01-20T03:08:01+08:00	2026-01-20T03:08:00+08:00
FPTdbtQZBVwJE7K8VuLFDBzPSScJDUAVgtRHktrFgPrN	2026-01-20T03:08:01+08:00	2026-01-20T03:08:00+08:00
SubitgYc33GCYvLeucgcaTMVqFrTht1TCsQJY38army	2026-01-20T03:08:01+08:00	2026-01-20T03:08:00+08:00
5KfWk8E5MfDYTpB43zDVRG7MV1L4tDwx6ozDhP5yS8uU	2026-01-20T03:08:08+08:00	2026-01-20T03:08:00+08:00
CmX16k1MjqjzGKn15oSvUr5x1w17mJkHzRLZaAb6yQde	2026-01-20T03:08:17+08:00	2026-01-20T03:08:00+08:00
Hh9WEgdp91hXFJwXbBGPXkkTxyka4VZfjCd9PsD5LPxk	2026-01-20T03:08:17+08:00	2026-01-20T03:08:00+08:00
Dn6o44pM9k9umfc4JLNLW9eQeoDgNPyd394UQ16VfHEA	2026-01-20T03:08:20+08:00	2026-01-20T03:08:00+08:00
A7FMMgue4aZmPLLoutVtbC7gJcyqkHybUieiaDg9aaVE	2026-01-20T03:08:28+08:00	2026-01-20T03:08:00+08:00
6bazFSp86abezAYsEQxqwmHa9L3H3GreyJGFpv8krap4	2026-01-20T03:08:28+08:00	2026-01-20T03:08:00+08:00
H5vjMpC37BcaTX3JFGCQmFBFXhtaUtDvGzRMRw4ZwJb7	2026-01-20T03:08:31+08:00	2026-01-20T03:08:00+08:00
57fmoLi5NTudVsrAMzejb4BCMdpiPw5sk4cWM38CmmD8	2026-01-20T03:08:35+08:00	2026-01-20T03:08:00+08:00
5aBnMevjuhtScwNhGJHZxvC1qsquK8EeTVzF62Du6amf	2026-01-20T03:08:35+08:00	2026-01-20T03:08:00+08:00
G5V67kfYaiQNdYjLTLPoNqFT1WmxpnYJ1trf2ruvVgX9	2026-01-20T03:08:35+08:00	2026-01-20T03:08:00+08:00
51d8Y8qZPgqiHv33VtnfA6ZiGv6k6Z4GLgLkMGMQthYp	2026-01-20T03:08:40+08:00	2026-01-20T03:08:00+08:00
F7vNa475CV76V35oAjWEvR4ir9WE6qDStvH1pZHJ1CU3	2026-01-20T03:08:57+08:00	2026-01-20T03:08:00+08:00
9tEwoKvsqRsLPcrvov23jsFbg8yG7uDbFPw3kTMdB4pc	2026-01-20T03:08:57+08:00	2026-01-20T03:08:00+08:00
2VRnQqdUdTELGZaoknqDyGcLWQmYCrfT17tWB29q48LD	2026-01-20T03:09:19+08:00	2026-01-20T03:09:00+08:00
GJz3RbEWQ3genttSEZ4X5WA4M14vEpiQmgHswvFXLgRq	2026-01-20T03:09:19+08:00	2026-01-20T03:09:00+08:00
9UZKra4crDncEBoZvPtyj5DvVRCwsjfWqcmH5DavVo9j	2026-01-20T03:09:22+08:00	2026-01-20T03:09:00+08:00
A4QGhwApnj5FeY97LeE7rJuTF4s78wVtT9UmEfcRWJAd	2026-01-20T03:09:22+08:00	2026-01-20T03:09:00+08:00
7RHy4dxsBYURLVjLY5YA1BWuaBMTA3HCbLKqnF4EbZEZ	2026-01-20T03:09:41+08:00	2026-01-20T03:09:00+08:00
D7kuLEpR5DNb3gUVqQ23i9bvctKjbjWtMwXbguD9GEXo	2026-01-20T03:09:56+08:00	2026-01-20T03:09:00+08:00
AgW1Ytd8kg87itdNmxYQx7bRCBYJ1KiKb6dYN99TTdJn	2026-01-20T03:09:57+08:00	2026-01-20T03:09:00+08:00
92GMW3Geuw7b6Qd92AGeevb19rXQy2icGHksqPXHVTBE	2026-01-20T03:10:03+08:00	2026-01-20T03:10:00+08:00
DkvY2oPwY6obaKug5eqrSLL6vmN6mgteDhVBgJbh9vR5	2026-01-20T03:10:09+08:00	2026-01-20T03:10:00+08:00
8L2y55D11k63CAftvW7uMM2mBhtMxLoLnivG9uY2bt8j	2026-01-20T03:10:11+08:00	2026-01-20T03:10:00+08:00
E6j2eqb9UYLEAZnRGAaEenpKatmVdW7bZpRv4fXx7MHt	2026-01-20T03:10:18+08:00	2026-01-20T03:10:00+08:00
C2L5cvAKyxg18VxkhW9GDaNx3qySWfUtCGFs2bN8S6Ky	2026-01-20T03:10:18+08:00	2026-01-20T03:10:00+08:00
54Pz1e35z9uoFdnxtzjp7xZQoFiofqhdayQWBMN7dsuy	2026-01-20T03:10:22+08:00	2026-01-20T03:10:00+08:00
5d5apSDc6U3dF3kvuD2VwXURa5tpAR64bTfsbfjSAWgE	2026-01-20T03:10:23+08:00	2026-01-20T03:10:00+08:00
nonofjCpDeEbRWnA82HENffi74FEGo4XTn41v2XWiJh	2026-01-20T03:10:23+08:00	2026-01-20T03:10:00+08:00
47SmgD4Cf1af7Qz4Gb9s9XFPYr6YGBVnJfJrXVnEV1kS	2026-01-20T03:10:23+08:00	2026-01-20T03:10:00+08:00
8o7ecDQ2jbvLNtjKXk6XoWsZH6GoNRbuaYfMLnJsUmkV	2026-01-20T03:10:38+08:00	2026-01-20T03:10:00+08:00
2avyhnk8W9ALdJK9qqzc6QzobtnvXz8JvLj5h41V72Qs	2026-01-20T03:10:51+08:00	2026-01-20T03:10:00+08:00
G6o4i7ij3YJQ4E3zJebbhVNzvWpzttYfckNqQVxQsjem	2026-01-20T03:10:51+08:00	2026-01-20T03:10:00+08:00
7f1JkPBZWyeuFKTbR14DToupsiptG7LT1aH6He7U6rHm	2026-01-20T03:10:56+08:00	2026-01-20T03:10:00+08:00
G6QzYZtEPBhVY1GJ68QkCQaCmaRs4G1JJN5qNLdsSxXp	2026-01-20T03:10:56+08:00	2026-01-20T03:10:00+08:00
7m3t4NibB6TKkWYLEGiUCmWM7We76euAhFiTZjan4Xsp	2026-01-20T03:10:59+08:00	2026-01-20T03:10:00+08:00
EF395NpBQMiEKfqa6Gr1e8ouetHEXsfPA24JdEMAVahv	2026-01-20T03:11:03+08:00	2026-01-20T03:11:00+08:00
9QRYabDp5KjRzeJNcrNmFnCmA3J8H3tj3YrpKV6XU1yQ	2026-01-20T03:11:05+08:00	2026-01-20T03:11:00+08:00
AX8eL2knXemGMPmHoYVeuNsPJxuMM6YGVo5TSNhBtNQg	2026-01-20T03:11:05+08:00	2026-01-20T03:11:00+08:00
GkTf9tZ9nPfXADCRWtfdfB3WLsHBFrX9c3afXvhsDgNL	2026-01-20T03:11:05+08:00	2026-01-20T03:11:00+08:00
AgmLJBMDCqWynYnQiPCuj9ewsNNsBJXyzoUhD9LJzN51	2026-01-20T03:11:08+08:00	2026-01-20T03:11:00+08:00
9Fjm4Dvh3sfmiTFGY5cyXFRUkZjXK2iUKhoajmk5ABKi	2026-01-20T03:11:11+08:00	2026-01-20T03:11:00+08:00
FAyBDrxXomfFXTadmXMj9XMwgbojXWmvG3PKqM8oqYH2	2026-01-20T03:11:11+08:00	2026-01-20T03:11:00+08:00
DELkocYDJVu6yK6Xf5SqdygNCZrNGqkD8Fwj9NTcTdZk	2026-01-20T03:11:17+08:00	2026-01-20T03:11:00+08:00
HydraXoSz7oE3774DoWQQaofKb31Kbn2cbcqG4ShKy85	2026-01-20T03:11:20+08:00	2026-01-20T03:11:00+08:00
13H2M1C3w2pwr6oYf6ZKcPGNut6mQedRAFzCpMF2iGJK	2026-01-20T03:11:20+08:00	2026-01-20T03:11:00+08:00
7LfjjMgRRbrW33xPjrVmH2rK6mA6H2j1W91u9CYC4VDy	2026-01-20T03:11:20+08:00	2026-01-20T03:11:00+08:00
GT1raL1qSBPzZS6fAU4CnfwFurj2v1Ru5wapfcA227YF	2026-01-20T03:11:20+08:00	2026-01-20T03:11:00+08:00
A3EnNtgxKH6yrdeMFkampyrutA6hYCTfZEACaR2KkzoX	2026-01-20T03:11:31+08:00	2026-01-20T03:11:00+08:00
HBkgq2seuoq7kmZ4KNfyWXWFVCrZ5MZ2HZQSDg2Pnjvq	2026-01-20T03:11:38+08:00	2026-01-20T03:11:00+08:00
3hxbwn9WgyQiBUDXXoxXfWCsaDt9wf22G9cQ8nfZQDNS	2026-01-20T03:11:47+08:00	2026-01-20T03:11:00+08:00
7vYsKUKfZ9ZHiBz5Mwp3up9VLUd7PjgBX2sPqvyErDzC	2026-01-20T03:11:51+08:00	2026-01-20T03:11:00+08:00
DFzwox889ptod62z9hPvh3EBpFMLTBGo91LDfRkrEfbj	2026-01-20T03:11:56+08:00	2026-01-20T03:11:00+08:00
9EWEP5MM1rpBtNtHZ1MVaqUjYQPSrsZmv7kiWkoSDNga	2026-01-20T03:12:02+08:00	2026-01-20T03:12:00+08:00
8yTJ9XVG1EKs4jW5X9ZLqtHaa364nXu3NGtzNvG23cbU	2026-01-20T03:12:05+08:00	2026-01-20T03:12:00+08:00
38Pm6TJB4ABAwpNDSprtLhrcB223hqsiN3kmMSM6a22H	2026-01-20T03:12:05+08:00	2026-01-20T03:12:00+08:00
81yXwD28HjR4M3xC6iroKwC4SWPNT4okR96NA34eSeCh	2026-01-20T03:12:07+08:00	2026-01-20T03:12:00+08:00
4JqPSij4DQrGhn4dUPePCBEdzuYvavGeLrDbo5ZW4Ji2	2026-01-20T03:12:11+08:00	2026-01-20T03:12:00+08:00
8p14wuVAxdR8AChS2WZfYJc4HvtxDt4p7iYdoNGgsL5L	2026-01-20T03:12:18+08:00	2026-01-20T03:12:00+08:00
HqCRgvAHYcYuoe2ERw5uwNaTidRAuTkoKXDvzdhnCozz	2026-01-20T03:12:40+08:00	2026-01-20T03:12:00+08:00
8umDKip4chKSddhhASyssWd3exDUsta2bVS385YKoQnD	2026-01-20T03:12:56+08:00	2026-01-20T03:12:00+08:00
GvzUAiVvqxiavW3Q3EujgFbDXv13uufYgoaS1CJXSgab	2026-01-20T03:13:06+08:00	2026-01-20T03:13:00+08:00
9UVrfvcQbBV52Tu9uMkGhZYqLiipmQpb87DyqG4xEkBP	2026-01-20T03:13:06+08:00	2026-01-20T03:13:00+08:00
GftBJgZUEKGBDmBcYw4nf4s2vhPSfn6g1WS7fLeqRzQe	2026-01-20T03:13:11+08:00	2026-01-20T03:13:00+08:00
3hbYjRDcLjwZaZyX2avPTnxbQfJuoBPcao3eot1bGuqJ	2026-01-20T03:13:11+08:00	2026-01-20T03:13:00+08:00
JBhVoSaXknLocuRGMUAbuWqEsegHA8eG1wUUNM2MBYiv	2026-01-20T03:13:28+08:00	2026-01-20T03:13:00+08:00
CskhhQk9fNHGMGQZndYeXHEUgVoUZHNZ4iaoqt3gCdag	2026-01-20T03:13:36+08:00	2026-01-20T03:13:00+08:00
AwKtBvqpfUqvA7hWo8eMvTwBopxPwNcezDGTqHLAFEDm	2026-01-20T03:13:39+08:00	2026-01-20T03:13:00+08:00
42iSKjp3KwLP6daGkzvf5PSKs5KSNrXFr2UCkPPcC5HZ	2026-01-20T03:13:45+08:00	2026-01-20T03:13:00+08:00
CkUZV387xnoGpF7wC2moMa6mPmAgCvTT4pWgzq4M9fCD	2026-01-20T03:14:03+08:00	2026-01-20T03:14:00+08:00
CVzeJad8a7J8m597hmgM2DFcd3r9idBmVrwj6dNHSFht	2026-01-20T03:14:03+08:00	2026-01-20T03:14:00+08:00
AE861PyrYJXm2TuxiMc8Ecwo4YYgAHfcYum3GWpSRFe3	2026-01-20T03:14:03+08:00	2026-01-20T03:14:00+08:00
6CKtKF8GwHSKmtewYRezRB7Jbi92FMo1PdCqupnNKWmQ	2026-01-20T03:14:09+08:00	2026-01-20T03:14:00+08:00
4ogqcq1a2JBSeQzhH5KPobJBJxjKXuJiLta8J7dwfWHX	2026-01-20T03:14:19+08:00	2026-01-20T03:14:00+08:00
2audp9J9hDRw9WLh4yYmjcis8y4823YuKzcZPUpWczUU	2026-01-20T03:14:22+08:00	2026-01-20T03:14:00+08:00
GTrcEBPTq74p4LF9WVYuq18ULqg1byo7x2UZKGAoicwg	2026-01-20T03:14:36+08:00	2026-01-20T03:14:00+08:00
tvKYNfPQENE6hJUiTvEa38Gqrm3W7GKssGPNXzEbG31	2026-01-20T03:14:39+08:00	2026-01-20T03:14:00+08:00
2yFuqHpLfdHduMjQYms9CgB5vmbt2g3mwBMRn8KvKB21	2026-01-20T03:14:46+08:00	2026-01-20T03:14:00+08:00
FVbMqXvV8CaEYq1NKGYorcMA3QGZRxXHVbi1EfvBM8Xy	2026-01-20T03:14:54+08:00	2026-01-20T03:14:00+08:00
qBnsKpKs3Syp2UrrKEHZ9unM2MkgnE5WKX4VfBYsLn8	2026-01-20T03:15:12+08:00	2026-01-20T03:15:00+08:00
9sKsHmf6K4LKgdFyn4PrRiCv61wp67e3yti7ZoKyYV9m	2026-01-20T03:15:19+08:00	2026-01-20T03:15:00+08:00
D2cTaKye33thfNNpbW7wYkVKihHK8nsCyiWnzvB8bpTH	2026-01-20T03:15:19+08:00	2026-01-20T03:15:00+08:00
GkZtkKcZnTNNBX7hGYVHhsk8HnDGc2HoZ8zrjS5kfRw3	2026-01-20T03:15:19+08:00	2026-01-20T03:15:00+08:00
AWgNPi1KeReMLyGbRRkhGyKeJzv6nN21SwyYVqETrYQf	2026-01-20T03:15:33+08:00	2026-01-20T03:15:00+08:00
BkszE7n37uRx3uwgUoteg2vyShY1hQgCMpA6RkqsuSDW	2026-01-20T03:15:39+08:00	2026-01-20T03:15:00+08:00
4Jhm2wphwwP1BYMgvGJVezRJZDALwt3WNiKEHVyp5WqR	2026-01-20T03:15:49+08:00	2026-01-20T03:15:00+08:00
EEPzL93GdTSov28QQXe5zbkC26zjj1jX5xcWjzrHsyQq	2026-01-20T03:15:52+08:00	2026-01-20T03:15:00+08:00
BuJU5ndKZdo2KZtoq2qgewA2w8ssFFNcZEGuPEX1gAGE	2026-01-20T03:16:13+08:00	2026-01-20T03:16:00+08:00
DDjJLXVFy1NCw1tNJ6sVVtZgi9LAwJxYWTeK4wyQTZrT	2026-01-20T03:16:17+08:00	2026-01-20T03:16:00+08:00
Ds9hQ5ym4Hs73SeRZYLEoTsrU95h5PZGuRnu8esUmhMF	2026-01-20T03:16:27+08:00	2026-01-20T03:16:00+08:00
FYQsQMkzM91ZMeavB1cP2PecoxuThZovBuq1vMenryry	2026-01-20T03:16:33+08:00	2026-01-20T03:16:00+08:00
7RyGTavFksbQ9zZiJVD5pprHwZT1rn6ayEh9ESE9bFEd	2026-01-20T03:16:33+08:00	2026-01-20T03:16:00+08:00
7W2rU4ed3KZE3eYGom2MAhut1SW3M3od6itvy3fWQzCf	2026-01-20T03:16:43+08:00	2026-01-20T03:16:00+08:00
Ha3aD4soNrVJDhwioaH7gJqYWzLTZhcshdNLVVHba8K1	2026-01-20T03:16:47+08:00	2026-01-20T03:16:00+08:00
24QPHMNjKuZRPnWaWyQ9xnFC2mHTb3KVS5qyxAfDxsLp	2026-01-20T03:16:50+08:00	2026-01-20T03:16:00+08:00
HGyNSFbyLY6PpU2XJUYRw7JPmfPAGPCnhfuc7Un69S85	2026-01-20T03:16:50+08:00	2026-01-20T03:16:00+08:00
HXEKWpn3twbgDFPdTckdinhM8TMVN5CBJns7Huxg887b	2026-01-20T03:16:52+08:00	2026-01-20T03:16:00+08:00
BdQHjH7vnFpXhyATNMkRD8fvDTYMgwh6qpt57JuvXU3U	2026-01-20T03:16:58+08:00	2026-01-20T03:16:00+08:00
6KruL6AcM5xBTs6YxqL5tuAcHYmuisLEF4iAThzrAVUb	2026-01-20T03:17:08+08:00	2026-01-20T03:17:00+08:00
G2vwsqkaZ7GxoADzv7pPoUGsoDGKRDJYJdSoT1RpFh4H	2026-01-20T03:17:12+08:00	2026-01-20T03:17:00+08:00
9u6E9LRx3w3Ng2fmEot6TFY6vCBvNtT3okwdpQRzHWji	2026-01-20T03:17:24+08:00	2026-01-20T03:17:00+08:00
8i6c3xE3UJ62JwJCpsZwoGM4ctEzKHhxHy2o4o5jtV8k	2026-01-20T03:17:46+08:00	2026-01-20T03:17:00+08:00
Hu84nKbzaz4CihKeiWmVb2tevocVCdt6MgkKtLSEhyZR	2026-01-20T03:18:09+08:00	2026-01-20T03:18:00+08:00
6mjoHMWLLXWiWyJcANq9txbb464a47XWHU5DiRt2dHQL	2026-01-20T03:18:09+08:00	2026-01-20T03:18:00+08:00
8GFWC9h1kK6EMu92FK9oVRjnN3mru7QWBs1NF7YLWXDu	2026-01-20T03:18:12+08:00	2026-01-20T03:18:00+08:00
BPbQVFCZPwedDLU6Hwry2eD4iBHvp2ywAhjpNsCs4EKT	2026-01-20T03:18:12+08:00	2026-01-20T03:18:00+08:00
4NFNNHyExc5zDNEMohZe8DejxAYWQ33Wh98dJWndF72t	2026-01-20T03:18:18+08:00	2026-01-20T03:18:00+08:00
pv9YxZvX9vAgdurrHzAkmfJsWXpTNnztAXYqvRr65y6	2026-01-20T03:18:22+08:00	2026-01-20T03:18:00+08:00
1aUnYEMfQczoQfpr7QJZ3zpFzdL8jqvrng7Xkw38rnq	2026-01-20T03:18:22+08:00	2026-01-20T03:18:00+08:00
2SAxwpBX8Kp3VAyfkjG5pDEezdk3gk4y8k7nTprDmTve	2026-01-20T03:18:37+08:00	2026-01-20T03:18:00+08:00
G24EELZJkXBX4nX2BbMwq5RFqtdyykyYJjyq1FsQVhbm	2026-01-20T03:18:37+08:00	2026-01-20T03:18:00+08:00
DdUiA9QyYpQj56Ugh4gs24QbHWEYdwZe3HqvoVTuS4ey	2026-01-20T03:18:37+08:00	2026-01-20T03:18:00+08:00
ESTMLLYfrScdk5zbHUZbK8M4N2P7zmfGH2GA1Jjyrad7	2026-01-20T03:18:37+08:00	2026-01-20T03:18:00+08:00
2Xo5spMo4QXib5qkNAZJHnrcfEU57rPzPYE5RAXyHjgC	2026-01-20T03:18:41+08:00	2026-01-20T03:18:00+08:00
7aQi9vmCV7Ba1DQzviwxkq7NCCFgTJxLw5oNpVpV9aax	2026-01-20T03:18:43+08:00	2026-01-20T03:18:00+08:00
48jdnxi1KFiisndpw1YFwJRYHtLPEzkg66HY5RtCXpQx	2026-01-20T03:18:51+08:00	2026-01-20T03:18:00+08:00
6rdG49vwYVNXhR57413aSkxGB9d894hwVS7TQ4asFXHp	2026-01-20T03:18:54+08:00	2026-01-20T03:18:00+08:00
5G9HpvAdzKBfmQ2NMjE9idZgyMLeuogo8SUDBy1PyLke	2026-01-20T03:19:03+08:00	2026-01-20T03:19:00+08:00
DrrgKh1jLkDwfZVrVjQXHbigjmSP9DpYRLz7wpeQT2Fw	2026-01-20T03:19:03+08:00	2026-01-20T03:19:00+08:00
6vp4W2p3293jPEND6ZV7k4YqrQcJAWVo2mDKQKVeW29y	2026-01-20T03:19:11+08:00	2026-01-20T03:19:00+08:00
EDowC9ep5bdnK2yAdvHPxKsMzLcLuC1A63aUNs8QGpBe	2026-01-20T03:19:22+08:00	2026-01-20T03:19:00+08:00
FtviFECH2UEoCMTYFBFaaS7TRH6cAWkRsxV3BgMyyU5Y	2026-01-20T03:19:26+08:00	2026-01-20T03:19:00+08:00
GxdVmKNsx1cG1J99Ccu5qHhWq4t3YqxoMtjceKAnjqJ7	2026-01-20T03:19:26+08:00	2026-01-20T03:19:00+08:00
HPWZsNfUzdPMpbc6xs4s5mqYmjqjJehknsFnVXrvRcp2	2026-01-20T03:19:29+08:00	2026-01-20T03:19:00+08:00
CBjVsA1adnazZZ4zi3J5EutAWqfeBzY1gnvsfaMkxYZy	2026-01-20T03:19:38+08:00	2026-01-20T03:19:00+08:00
c8z8TC53Go4vr3e5CBTmzy4hNbRj5DEM8NMgLT8muRV	2026-01-20T03:19:54+08:00	2026-01-20T03:19:00+08:00
DN6meVsL6hTfTmnuSRJ6JgmaNHV3bnygXSXpwXYBFNxX	2026-01-20T03:20:14+08:00	2026-01-20T03:20:00+08:00
4UMYQJXhtCMYV9dnao8y8Er5YbSA8QMEuf1HaUeVzNjd	2026-01-20T03:20:25+08:00	2026-01-20T03:20:00+08:00
BWAPhpZN5sTorKtnd9p9huviz1Kq9QSBmQpFSunEENQG	2026-01-20T03:20:29+08:00	2026-01-20T03:20:00+08:00
ApeiTAjq3V9grbN2jVbmpLb59wffYmwCBKZnugyuerLZ	2026-01-20T03:20:29+08:00	2026-01-20T03:20:00+08:00
BHnzNkELVgpaMfLACBWpMt3V8jwh7Tf3AKrPWiUY8Hpc	2026-01-20T03:20:29+08:00	2026-01-20T03:20:00+08:00
EEPBwgVD3JaavVjyugK9hKvUQKXCEVH5vC8xtSck2znW	2026-01-20T03:20:29+08:00	2026-01-20T03:20:00+08:00
G5cnkvx5AzWP8M5i9cHBS3PPDC6gkaiieQ3MFDWQtq6K	2026-01-20T03:20:32+08:00	2026-01-20T03:20:00+08:00
4SmtjdYzMX9bDCxRrveKjXEWkMVbm5XJjWX9nmkyovgH	2026-01-20T03:20:32+08:00	2026-01-20T03:20:00+08:00
FN6Xg4aZFjrGTs5oo8YFXDYW2ciEjQPus1EwAZiBBawk	2026-01-20T03:20:44+08:00	2026-01-20T03:20:00+08:00
ZCkf9JrsqfygPvfasUSnq48xnZP3AeN9BCsGUAC2ffV	2026-01-20T03:20:47+08:00	2026-01-20T03:20:00+08:00
8bLPi8E9ppgv2kGj1k9corZgDoX5c8sc9Pw76tTNtt5e	2026-01-20T03:20:47+08:00	2026-01-20T03:20:00+08:00
Ag7ZmDwEAMRxHKWCcztbsya3ozTshgH3R7cL9ywpT2br	2026-01-20T03:20:55+08:00	2026-01-20T03:20:00+08:00
57CbSJBQL8ommQy85BNUeDePdMPfPTcie7TcPuEEqDRi	2026-01-20T03:20:55+08:00	2026-01-20T03:20:00+08:00
CPZZVT2PCJaZvvjuwYxV8K46WtZAMpuqgpmY5NzEPBgc	2026-01-20T03:20:56+08:00	2026-01-20T03:20:00+08:00
B5kKvSNvGVoYgVoiLdLuVH1kRbuXuxqkjPHZytgJHBfg	2026-01-20T03:21:02+08:00	2026-01-20T03:21:00+08:00
51okevLiHY3sm5Wyb8ZashBhzcNEBBAq6sh36BLK4L7z	2026-01-20T03:21:05+08:00	2026-01-20T03:21:00+08:00
3Npab8backfmdj8Gx3tRBebCDoZShZ6deFYKfaYtXX1s	2026-01-20T03:21:08+08:00	2026-01-20T03:21:00+08:00
E3KKT714PnzWJ9jJ12ckoCaC44uJqYn3Z1MZRtzXgbmu	2026-01-20T03:21:08+08:00	2026-01-20T03:21:00+08:00
Garx3ckKdSutYahyCCWHEa9amTjYE6dyCXCjVcAup49A	2026-01-20T03:21:16+08:00	2026-01-20T03:21:00+08:00
6CWAuEPEaga2yMzGX3P4vGDqTqtiN5GbSDGuCGoecGpd	2026-01-20T03:21:19+08:00	2026-01-20T03:21:00+08:00
9it6k1weSnEF6e9tvGN8xPz1qaWdfHspn9nkwCNg7t8P	2026-01-20T03:21:23+08:00	2026-01-20T03:21:00+08:00
B9k1PgE5fB2iqHzprm4yWPJtFDF3H7wfxcCucJQRyS9S	2026-01-20T03:21:30+08:00	2026-01-20T03:21:00+08:00
6Yi5muG2uka1ibi72KVXG2vuMuqJjg7HT9BgsxxfCnex	2026-01-20T03:21:33+08:00	2026-01-20T03:21:00+08:00
52oc72vjNbpUhF7jNE1pPAvc17JwBTyxybFp3u7PvetG	2026-01-20T03:21:33+08:00	2026-01-20T03:21:00+08:00
Hsx5hwg6GzVtv7LoxCkb6E83KabjrGD24XatNncYAhvq	2026-01-20T03:21:37+08:00	2026-01-20T03:21:00+08:00
9gtA83eRmMNMo3A9h48kVDbd4tBPmw5T6WLpnWCLiWt5	2026-01-20T03:21:46+08:00	2026-01-20T03:21:00+08:00
AZBe7awkw4TUPUztRCS5WKegLfJgcpVvEccpRtWYVaQ4	2026-01-20T03:21:52+08:00	2026-01-20T03:21:00+08:00
BaD9LVRgNt1cy63XcFRL2aTDsuhpvzQo752WTV7NLhcW	2026-01-20T03:21:56+08:00	2026-01-20T03:21:00+08:00
atom2VuiFEhgGSggRokWuXfsZaS6mxHKwKUSFnECshJ	2026-01-20T03:22:02+08:00	2026-01-20T03:22:00+08:00
AQkGPjBmU7BBKANU1eLxVirN8kvcsrHcsVoM5qgrz5u9	2026-01-20T03:22:02+08:00	2026-01-20T03:22:00+08:00
7jDVmS8HBdDNdtGXSxepjcktvG6FzbPurZvYUVgY7TG5	2026-01-20T03:22:03+08:00	2026-01-20T03:22:00+08:00
G3y5ndrg2kYgdkRP1zeTyaMYcFP8EpWnzNzGvtTotVWX	2026-01-20T03:22:11+08:00	2026-01-20T03:22:00+08:00
8qzb5f2HdCpGtnJHT2aeiqGwV8zTH8VBx4LQdMHB7gEN	2026-01-20T03:22:11+08:00	2026-01-20T03:22:00+08:00
CyVxqsiu9UJ3kYZwTStgeCxacjKPDw24ruDc4DiEVLXf	2026-01-20T03:22:11+08:00	2026-01-20T03:22:00+08:00
7PuxttUvrvCDEeAMJNtUYFLC5wA6wL5etLA3SjK5D6s	2026-01-20T03:22:13+08:00	2026-01-20T03:22:00+08:00
CVn36r16NJf8sKsSc9QaEQSGCftqTmry3aDgjLVpREZP	2026-01-20T03:22:14+08:00	2026-01-20T03:22:00+08:00
6t8ANF9SYJdriSwnCetsGiDgFZAn4dhLt8v4WLe6UxAP	2026-01-20T03:22:18+08:00	2026-01-20T03:22:00+08:00
CCEMw5Y2GSnCo3QrvgsLSvZHd5NQonSQkedb5WJUCsQr	2026-01-20T03:22:27+08:00	2026-01-20T03:22:00+08:00
AyBazz3E6cdX4kMwg8Xx9BPxcyBe4maE6ZzNn7azQvYh	2026-01-20T03:22:34+08:00	2026-01-20T03:22:00+08:00
FnubyQ9qFZswWdsWE6fge4aWi7zPTvcaULnByDGofhVy	2026-01-20T03:22:56+08:00	2026-01-20T03:22:00+08:00
5X2EkqVYjdCBJqPskhpKWxGKJ1nzsFvZJcSXKFDD8SLu	2026-01-20T03:23:10+08:00	2026-01-20T03:23:00+08:00
CGRHg5E98tXzB6cNjhoH97gwcy9DbfQ1qEXgLzwFwWbC	2026-01-20T03:23:16+08:00	2026-01-20T03:23:00+08:00
HTdaVjpuDzZWE4rc5NvGLXV35k1bERf2mpSZUaKDWLS2	2026-01-20T03:23:26+08:00	2026-01-20T03:23:00+08:00
kEFiAX3jo5NmemysQov342TZ9mGh6yp92GDRjhA8XDf	2026-01-20T03:23:30+08:00	2026-01-20T03:23:00+08:00
3ZNcUhGgmxiPF2bUMEw2a6hhFMWWdFMrsAotXtZYirGE	2026-01-20T03:23:30+08:00	2026-01-20T03:23:00+08:00
En1eeXNnXm7d28FRgG4URGQQBSDvBxN3us1VJhhV1Rgu	2026-01-20T03:23:30+08:00	2026-01-20T03:23:00+08:00
FfUbDMMcsmXAF5fzafHSDugrzTnCUswooiMAex9GdWER	2026-01-20T03:23:42+08:00	2026-01-20T03:23:00+08:00
5Jia57bGLJ7ue3DtQUcBRD12TWpJXkUJnx1gVkjkKf9F	2026-01-20T03:23:44+08:00	2026-01-20T03:23:00+08:00
GxKpb61F7kwhnnydLaAWts51cfd7JkpJhcLYcKVAExFU	2026-01-20T03:23:45+08:00	2026-01-20T03:23:00+08:00
8bAnAjty69RiXPrW18bjE7KCqtbRBKE927pJqzW36qHG	2026-01-20T03:23:52+08:00	2026-01-20T03:23:00+08:00
3VH6qnTLogYuczW6fz51j1rLifdsVLVWUcX93KHqGjct	2026-01-20T03:24:01+08:00	2026-01-20T03:24:00+08:00
6UnCeXxTWKyWD7zKR7vYbk99Huczt8TvUhZG7CNJZhvL	2026-01-20T03:24:01+08:00	2026-01-20T03:24:00+08:00
749unF4y1r36R22PLbjVbwVDwR6kPkpMtBESPVLwZYNm	2026-01-20T03:24:21+08:00	2026-01-20T03:24:00+08:00
DSBynJ7LzCjKumSEfYRhyjAxd4t1JUA252SXkCggKpWB	2026-01-20T03:24:33+08:00	2026-01-20T03:24:00+08:00
EQReN8LwaPC2ugdDdNn3E5eFMd7vmy5QphpkVitSVcR1	2026-01-20T03:24:33+08:00	2026-01-20T03:24:00+08:00
7RuMEUp5qeaxwHjpXLbNML6zsXsEzADAJyxH7S9UKFPS	2026-01-20T03:24:36+08:00	2026-01-20T03:24:00+08:00
h5u3QdDvoRsF3w9DGzAay5oyfz2Tj5F2EgR3AQoUCwF	2026-01-20T03:24:44+08:00	2026-01-20T03:24:00+08:00
7dGrdJRYtsNR8UYxZ3TnifXGjGc9eRYLq9sELwYpuuUu	2026-01-20T03:24:47+08:00	2026-01-20T03:24:00+08:00
2tWpBrPeJJfnznZ7m9iYyKcCZyjJVW2uNzvpJ45QS914	2026-01-20T03:24:47+08:00	2026-01-20T03:24:00+08:00
GS2dr9QC4sCiFznssLqkcVQNDbyBNmcogj76kmoWCPpM	2026-01-20T03:24:47+08:00	2026-01-20T03:24:00+08:00
DMMMCVPPkcQsHQiWoN3pcHXH8Apiho7GedeRp1mEhhFx	2026-01-20T03:24:50+08:00	2026-01-20T03:24:00+08:00
671FpcYWasuPuncuqgjxateu9k238mhyBGSetzWXQA8b	2026-01-20T03:24:54+08:00	2026-01-20T03:24:00+08:00
6zumgpGL3LHfFKTJR5gPJ5sSkk2ASbPsR2DdBt225m11	2026-01-20T03:24:56+08:00	2026-01-20T03:24:00+08:00
DVXH32KdQjzdGUiWc6fT7okCeUCJWASuS2UoMe8r25v4	2026-01-20T03:24:56+08:00	2026-01-20T03:24:00+08:00
9RYMgtJHEUUtipJe7HM6wJYLJRw3WcSWUCuRitZmYU6F	2026-01-20T03:24:56+08:00	2026-01-20T03:24:00+08:00
FvZwWpT5o6C3yeagU8wNWvRZnabmVagXk31Gsw5z3ePR	2026-01-20T03:25:03+08:00	2026-01-20T03:25:00+08:00
4NHGyqw3vcbzajvzprwS8HVVDpTTCVw82isCq9jMGnuV	2026-01-20T03:25:06+08:00	2026-01-20T03:25:00+08:00
5teEwwCjLJRASGRzef5w4SNCQr89c11H7BB2RUiJu997	2026-01-20T03:25:10+08:00	2026-01-20T03:25:00+08:00
5RuM7HAvPiopmGDaKH5CSh6TR9HGDFdbGmCka3cfRBmX	2026-01-20T03:25:10+08:00	2026-01-20T03:25:00+08:00
FZLX5WBD9Re6DHTULpf7QuNwq6xRXKQJCkFMeVM1NPjE	2026-01-20T03:25:11+08:00	2026-01-20T03:25:00+08:00
HUw9K5nnPb3bRHnRBUrUZwtdpnBJaiTv5vyeSimfbkmm	2026-01-20T03:25:11+08:00	2026-01-20T03:25:00+08:00
8FrR7guxGdGhGQaBGNuaW88e2Y4aVg8iscE8U4676inM	2026-01-20T03:25:11+08:00	2026-01-20T03:25:00+08:00
B2NZTGYxT7JGsRz9CbcmB74DWRNLGCCgee1LEwBYJAmE	2026-01-20T03:25:19+08:00	2026-01-20T03:25:00+08:00
6uu3hHQinzVRFvpdy7m44RM8w221ACDxqXpmvLiLUFd6	2026-01-20T03:25:19+08:00	2026-01-20T03:25:00+08:00
DHyBQLcncWs2isgHv5krcJo1cwW53eG6SL1JsatMUM9a	2026-01-20T03:25:22+08:00	2026-01-20T03:25:00+08:00
DLbkPkPoYoER3zP5Ej1LgtRVkVBqAojU1hVcQmbYp11a	2026-01-20T03:25:22+08:00	2026-01-20T03:25:00+08:00
Ag7R6fKp6cZ1sPGXBWmvhJ9TtnWRGd4vbchMYVaSVj5s	2026-01-20T03:25:28+08:00	2026-01-20T03:25:00+08:00
EUs52qK4oE2vkpTXY26DVDrWy8mj6GYARnTw7gzZkH29	2026-01-20T03:25:31+08:00	2026-01-20T03:25:00+08:00
GKJxss42vkpJATmd4pR9YET4asPPUmYuo4kZ9C9XPpPT	2026-01-20T03:25:31+08:00	2026-01-20T03:25:00+08:00
5XVdhy7nxeW22t5jRjtRchNTNFegNSvtUafUPPNhb9Hq	2026-01-20T03:25:34+08:00	2026-01-20T03:25:00+08:00
8MPyKcgnWRPrpWVeuNpEvfthDrzX1fnPvGnSHvkJmeUN	2026-01-20T03:25:45+08:00	2026-01-20T03:25:00+08:00
2BcW6hufJceZAmBzJeUzrfDjQ4cDrXsrNiUj1SVrvgXX	2026-01-20T03:25:47+08:00	2026-01-20T03:25:00+08:00
CPPYRxc1MGxMJYd2ohN7uRH7CCMk6TuAJKXozUCWx3U1	2026-01-20T03:25:53+08:00	2026-01-20T03:25:00+08:00
wDDc1mDhwQpf2VwDHZrNdTcqfXeBcKs65jxQAr1BUgc	2026-01-20T03:25:53+08:00	2026-01-20T03:25:00+08:00
35PWKM9Tfr8xPtJgXBdWbR5nQwB21BREV8uCan2HqbeQ	2026-01-20T03:25:56+08:00	2026-01-20T03:25:00+08:00
9Z9xaHBusng3CvsM1ZXSEDwtMB1K9s1wh5wMt42J4c64	2026-01-20T03:25:56+08:00	2026-01-20T03:25:00+08:00
8XbADfV5ZpNm9Fx1fssPbd4XwrkJs5FTmQkp7bXrpEgA	2026-01-20T03:25:59+08:00	2026-01-20T03:25:00+08:00
8yooL5xot1LVJCALk8aP3rmz345JaXiymirKEnN5uQWn	2026-01-20T03:26:06+08:00	2026-01-20T03:26:00+08:00
CTjipHytURxcmhaqCw4pTxzgx9rxYnoJMKkhoKiyJL2b	2026-01-20T03:26:09+08:00	2026-01-20T03:26:00+08:00
FUXoccgRBNPd2NZyyAQfrBzcKPZ77yZsFcsR2qDWyp7W	2026-01-20T03:26:13+08:00	2026-01-20T03:26:00+08:00
CuJ13enbvKZa9yWJbVocJwvJEwMx4vALB2irHUcoSZSr	2026-01-20T03:26:13+08:00	2026-01-20T03:26:00+08:00
aeXuHxYQsuPyuqV5j5tP69tPj7iC5yHkYZvvRXX2HzW	2026-01-20T03:26:17+08:00	2026-01-20T03:26:00+08:00
489BtBxrFWSqi8JLXBNkd7GKoWJ9H5fmUguWtbJC8ujN	2026-01-20T03:26:25+08:00	2026-01-20T03:26:00+08:00
8J3YsUW5CMa2f67FK9krPWqbCW1FuFUtECMqr43uSN9z	2026-01-20T03:26:44+08:00	2026-01-20T03:26:00+08:00
AG4NsJGuj3Zqmj69cW7fSCVvz2TWtbsXWcYrCydLa7Uc	2026-01-20T03:26:55+08:00	2026-01-20T03:26:00+08:00
CfkJ2Hq4wQzzYgpKcFnG33BpKTCA3tbj8F8kAq6bif2A	2026-01-20T03:27:01+08:00	2026-01-20T03:27:00+08:00
9CBce2M2uYaihDohSXE4Dh3yBo7dic3yoGpDziJjRQFE	2026-01-20T03:27:03+08:00	2026-01-20T03:27:00+08:00
9ni1v4K5hEZxJeD7QoqPDGJkrUYC8q1md4SKU5RxjvRE	2026-01-20T03:27:09+08:00	2026-01-20T03:27:00+08:00
CdRXU8AKmnrzJTK6B7waZzmp8EhVzEwGQycwHX6LFs4Y	2026-01-20T03:27:13+08:00	2026-01-20T03:27:00+08:00
EK4Fo89diwe2c6z6huJY2AktyPtbvMCcGQ7ceH1N7yqd	2026-01-20T03:27:14+08:00	2026-01-20T03:27:00+08:00
DEsGQ7WbHvVsLEtM1c8z6CPkjrHGsHqAxuYiksgsKxkr	2026-01-20T03:27:16+08:00	2026-01-20T03:27:00+08:00
8eqCYtasYDLFnRPYuiwuyoTFzFQd1hXhZ8oWwv3c2o5t	2026-01-20T03:27:16+08:00	2026-01-20T03:27:00+08:00
4M6Sz6rwH2hU3w1ibM2Y9eXA6Pej78igbxkzhXRatm8f	2026-01-20T03:27:19+08:00	2026-01-20T03:27:00+08:00
J87rPtG8BgmAPqTu8JsTetKVGbeJhiHhBN2Jj5LgAPcP	2026-01-20T03:27:19+08:00	2026-01-20T03:27:00+08:00
KARADSaD1txsrM4ZQj1ffnzMM23RfiLnBrqGMA8nWpF	2026-01-20T03:27:29+08:00	2026-01-20T03:27:00+08:00
84vGsG7BHQWKXvYxtHCKBeCG18dwm7DsCZoco4Ez4oDi	2026-01-20T03:27:35+08:00	2026-01-20T03:27:00+08:00
gtagyESa99t49VmUqnnfsuowYnigSNKuYXdXWyXWNdd	2026-01-20T03:27:36+08:00	2026-01-20T03:27:00+08:00
GnFbLxp3nQhygZZNXbpfduFUNXXLz2e7Xwp8VViwgkkp	2026-01-20T03:27:37+08:00	2026-01-20T03:27:00+08:00
DWaAyirz94YHFpwM2FdaFmWHLgA9bt27xXQ1NrX34Y2h	2026-01-20T03:27:39+08:00	2026-01-20T03:27:00+08:00
HGRnNxQGhddUc3T7FYyqATL7TnmMkCvHXYbzAsqchjo	2026-01-20T03:27:40+08:00	2026-01-20T03:27:00+08:00
WPwTsbeGukuqos65dGyB4R5KYv6btVSSLyi5ECLXtzf	2026-01-20T03:27:42+08:00	2026-01-20T03:27:00+08:00
GviqDJfeALUEnQ5Q9Nwp6ThcVijaxJp1DEbJkkeHVTKH	2026-01-20T03:27:56+08:00	2026-01-20T03:27:00+08:00
D98rZShWkpnSVUae5XNPn6QVX1x6LofJWPyP1TUqBm7e	2026-01-20T03:27:59+08:00	2026-01-20T03:27:00+08:00
CEUgffvrCZqHBRt3UsQ1QLkbJ7qD5PbdxUQPHNf429mD	2026-01-20T03:27:59+08:00	2026-01-20T03:27:00+08:00
79tEi5FGMTm1PHWR4eFVsaPxHJAJZcpknLdZNu64jVY3	2026-01-20T03:28:12+08:00	2026-01-20T03:28:00+08:00
7tgrBHBGhgPffjkSnXzjoC2firQ76AxtZXoNyRmDKGGx	2026-01-20T03:28:12+08:00	2026-01-20T03:28:00+08:00
GGM1HACidTtyK34Q3gVrzXKp9rfohUFpNmWwprjP1khv	2026-01-20T03:28:14+08:00	2026-01-20T03:28:00+08:00
4JLYApS5ZpDgzrgwsMeSjSt21mduEi8ztMcvUm6WPNH3	2026-01-20T03:28:20+08:00	2026-01-20T03:28:00+08:00
47SzhLZvg8zzRP7VVXvjsaSHuhh9UWwQjpwmSYoUEwuP	2026-01-20T03:28:20+08:00	2026-01-20T03:28:00+08:00
29gLP7NqkeRcKMUDhTonZFHtzs46iyNQ8oZi9T7kHxxT	2026-01-20T03:28:24+08:00	2026-01-20T03:28:00+08:00
9ZVXeyuc1xurM7a1XudCgTDYzMH1ekmftfqDuuprhjhB	2026-01-20T03:28:27+08:00	2026-01-20T03:28:00+08:00
AWDjvSLUXB7g6FRDTzU6fppBxxPtGyXbqK5yLJxdY3cf	2026-01-20T03:28:30+08:00	2026-01-20T03:28:00+08:00
4B4eWkK7ANt7G7yFamNaV9epJ6UnDfbpmYPHcfLAiAsX	2026-01-20T03:28:31+08:00	2026-01-20T03:28:00+08:00
6yhfp2ZNdGjE9Ff4jdHMzcEtrMEkagNMNQp98t7Wb3YG	2026-01-20T03:28:44+08:00	2026-01-20T03:28:00+08:00
9WuFLkYrpn2CKNJUvT1wJABSQCZqznq3GR377Bjehbdd	2026-01-20T03:28:56+08:00	2026-01-20T03:28:00+08:00
Ux3nr8DuZHoBLTtNkAKiijXsiUwtYiMH6v5ns6cxqAV	2026-01-20T03:28:58+08:00	2026-01-20T03:28:00+08:00
F7dJ3LkLEwjXsNHnsTv5c1KrQPM8hfGYNyJQ5gXD6Zg7	2026-01-20T03:29:03+08:00	2026-01-20T03:29:00+08:00
BD9SH5Yh31xrfSKkiwYgwjn5D6NW7FXPS7pmCd9JSbWG	2026-01-20T03:29:05+08:00	2026-01-20T03:29:00+08:00
CCb8npq4rwkCiqeYe2WYw3QAGSTzpTLarmimn8SsUvtp	2026-01-20T03:29:11+08:00	2026-01-20T03:29:00+08:00
9bgDmTi7m78Sx3WQgFdEqM6o2qrFti2pQD9v8n68qqvL	2026-01-20T03:29:11+08:00	2026-01-20T03:29:00+08:00
Egxd55XCHuCQ3EvsNgo2vd3DqFEds7iHtw1Wzbfy9hDF	2026-01-20T03:29:23+08:00	2026-01-20T03:29:00+08:00
SHARKRdGLNYRZrhotqvZi3XAtT62CRGCFxmg5LJgSHC	2026-01-20T03:29:28+08:00	2026-01-20T03:29:00+08:00
3jYbdzmguLBDSrHUrVo7FPkhu8aCjGQaAcNsv8KuBQFF	2026-01-20T03:29:28+08:00	2026-01-20T03:29:00+08:00
6QRdkwTSk9Kop6VdqSkSPah7a3HfqKHU5DD4BqMFCUQP	2026-01-20T03:29:28+08:00	2026-01-20T03:29:00+08:00
E45YLW6LV2GdvPu4HgpBMZF4veGmUqbK6hs2W3ykx2s1	2026-01-20T03:29:28+08:00	2026-01-20T03:29:00+08:00
CQwT1byuHgjKnL6vzmuNaAywKfDBVxDmFVgsQDBWxcWt	2026-01-20T03:29:28+08:00	2026-01-20T03:29:00+08:00
GgGap6tiUKhD8XeUZaHpVB3rerb3zKWNouWQJHozDujt	2026-01-20T03:29:28+08:00	2026-01-20T03:29:00+08:00
Xh2Y84WN8t3ZEKbwkDRT1ap5thJUAf3Ndv44wbbEXxX	2026-01-20T03:29:28+08:00	2026-01-20T03:29:00+08:00
B5L9BZDsUETWZCuPKkLpBHsqnR3n6Xrv7MM61vbKBWY6	2026-01-20T03:29:29+08:00	2026-01-20T03:29:00+08:00
2NLRxmyM2Te5ZaeLELh1k2B2pFETTT2kNtAGQSbbFajP	2026-01-20T03:29:29+08:00	2026-01-20T03:29:00+08:00
FdHEV7sRsHJch6LmnEBtzLtU28zK3Dogb9tbhXLNyyGT	2026-01-20T03:29:29+08:00	2026-01-20T03:29:00+08:00
2EZsc3KXSRusWxWnzEd7efQFcaxYpoh5LkwtvWohNKZB	2026-01-20T03:29:29+08:00	2026-01-20T03:29:00+08:00
AfoTwuk4nqFoS57exoova2NgzpokPRgEZyPM73X1FbUY	2026-01-20T03:29:32+08:00	2026-01-20T03:29:00+08:00
AHEmzpd2UR1EAcpkArY8SXaf3EFpDkTxfUDGfodqUDyH	2026-01-20T03:29:34+08:00	2026-01-20T03:29:00+08:00
5u6wRFhyqDuxBPpLwCKjJTyZ5f4xDvQw3QVwhg1m4xrj	2026-01-20T03:29:34+08:00	2026-01-20T03:29:00+08:00
Cy3F2WkazrALuiZYJ93CiNAW6p3pmDtsVSCGE95NZQKq	2026-01-20T03:29:35+08:00	2026-01-20T03:29:00+08:00
STorreSu8X6yPLmiEScNHSGDinqV7j84hWjmvH9SPwk	2026-01-20T03:29:35+08:00	2026-01-20T03:29:00+08:00
4VC95LMC18gU3Dwsm7vnP63CjzHnjvPjUorewWUb7i2G	2026-01-20T03:29:38+08:00	2026-01-20T03:29:00+08:00
7XjihVRmuDA5Eo5gW3wUZgda9DKEuY2uovjeymFtHUHx	2026-01-20T03:29:38+08:00	2026-01-20T03:29:00+08:00
2ZT2w5c8cLeeTVt8xDhwyL5a4eR3psViRnjWjTChe7SD	2026-01-20T03:29:38+08:00	2026-01-20T03:29:00+08:00
6wKvUb9ct39vMVBVeQ4pbNhnR7XEnBQXKXj9gJQTiRmU	2026-01-20T03:29:39+08:00	2026-01-20T03:29:00+08:00
8ugzSu3gCTk7pzLsXt4FvjvbHZa5tn4Ftx2va8NE9yss	2026-01-20T03:29:39+08:00	2026-01-20T03:29:00+08:00
BG4vcDgMgDmxCSUvff4HuaV4kjdnjRgzawxPJcvDKqUd	2026-01-20T03:29:42+08:00	2026-01-20T03:29:00+08:00
EMMRuKtTD8gFAoankuC4Mdsjdqtm6fqHA1fMhR6WHegn	2026-01-20T03:29:42+08:00	2026-01-20T03:29:00+08:00
9QtXQ5rJpoPcouZqzP2bpaD3YQeEdzBY3W6kU7r4oRrQ	2026-01-20T03:29:45+08:00	2026-01-20T03:29:00+08:00
BGdKcvtCRZppoiB6dHjvuqeP5mdE5shhLLQtYckHBPCC	2026-01-20T03:29:48+08:00	2026-01-20T03:29:00+08:00
B5tDuSkX4QnN3SUrxbUir8xRV5hu8MZBfb668sNuSR2t	2026-01-20T03:29:48+08:00	2026-01-20T03:29:00+08:00
4v7HPmtQouBwP8pJXuzH7oHHVBTruZw3tdXPXs7FPdJj	2026-01-20T03:29:50+08:00	2026-01-20T03:29:00+08:00
CELJfZYHDbrhqxBQ3WivVCvaTPRnoKPXd6F3mE8ZPSW	2026-01-20T03:29:50+08:00	2026-01-20T03:29:00+08:00
PWgMJBWpq1U59QuvAxTMZC5UbfTxaZGpXQQhQ9uhEmQ	2026-01-20T03:29:51+08:00	2026-01-20T03:29:00+08:00
8Wp6K5hWPVWr2PUxGf93FmY4BTdXz2qbn2iRdKCeWaxE	2026-01-20T03:29:51+08:00	2026-01-20T03:29:00+08:00
AjF2PjQdi1WEUPeGSRLXRLwRDSMHFeM9yas98tVBfTyD	2026-01-20T03:29:51+08:00	2026-01-20T03:29:00+08:00
CBoKT2eteDiokehKuRfWfE7Caf7A4GBtn3YFEbDfu3DM	2026-01-20T03:29:51+08:00	2026-01-20T03:29:00+08:00
6wpAo54SVYZFaocEiSjBSFkzrnduAA5gxDmwdK7g6K5g	2026-01-20T03:29:51+08:00	2026-01-20T03:29:00+08:00
BrFHHcJdYhku43sextUveusYb9eeSZTWnmsjbkFFZRW5	2026-01-20T03:29:51+08:00	2026-01-20T03:29:00+08:00
morSELQrT9Kinmw26HdktmnXYNc1pbx8Xyvh2DhhxwG	2026-01-20T03:29:55+08:00	2026-01-20T03:29:00+08:00
2jnAG6JKfpc9UDq8Km6Lytx7WpAmAuUySXxPs5T1SbJz	2026-01-20T03:29:57+08:00	2026-01-20T03:29:00+08:00
G1LWJezW15ZeL6uaRBNvNVkp8S8CrEtfZuMLMWwM4cJB	2026-01-20T03:29:59+08:00	2026-01-20T03:29:00+08:00
BrEocEtSyc7X1vRw1anYvxh4uWrczBB9kRM7ifwudhba	2026-01-20T03:30:00+08:00	2026-01-20T03:30:00+08:00
BzRGn59HYZLDmHAPx1a65vuuWxsMDPnauWdEKDGpR4Be	2026-01-20T03:30:00+08:00	2026-01-20T03:30:00+08:00
7jUKD5BJ5BkvNP6Yx38bLxKcS4acEnKfCdgbyHgW3J9Q	2026-01-20T03:30:02+08:00	2026-01-20T03:30:00+08:00
JEWw8cjCUsL6vmvAaYQZWLGh2yFGSHAQHSrBDM73quY	2026-01-20T03:30:08+08:00	2026-01-20T03:30:00+08:00
EjaUEawW5B2ZKukik76FCTvsQcCgjPfgd3fmUSgJP632	2026-01-20T03:30:08+08:00	2026-01-20T03:30:00+08:00
7QNJBdAp4PSvUL38WYvjeBPVvpdmW2BvjCP1mq5D3YM1	2026-01-20T03:30:16+08:00	2026-01-20T03:30:00+08:00
2gbkFxewoZjjTzTn7vAxKEJPy89VNoRg8EvF1ZAjvqf6	2026-01-20T03:30:21+08:00	2026-01-20T03:30:00+08:00
8HYpYvxkZnKx1TzVdMd8QxnTEMnKhhxPF91qFmfomhG2	2026-01-20T03:30:21+08:00	2026-01-20T03:30:00+08:00
D6vAbK5yY4KPgHcJ7n9ex3kKVXnkfMyXq9eHCeKPLppw	2026-01-20T03:30:24+08:00	2026-01-20T03:30:00+08:00
9T6QgwQET2ESiFpRoVEg56q1PW4xsKJYvpMKZtQ3KyyU	2026-01-20T03:30:24+08:00	2026-01-20T03:30:00+08:00
3heecdg4V2dTZqJKkxwiwXW9rfVcxnUJz8uuWy2KoZJV	2026-01-20T03:30:24+08:00	2026-01-20T03:30:00+08:00
77777c7bs39mzMNMHUdcNVi8os4N1n1azjGwFqx3XRoJ	2026-01-20T03:30:27+08:00	2026-01-20T03:30:00+08:00
GUo9uVMYx7DCVVQ7HZA148xNJucdLujC8AX4xRurbnho	2026-01-20T03:30:30+08:00	2026-01-20T03:30:00+08:00
2GdCJG31yb9oeta3D9pdUVXo4uoAisqePS1GG57QfXVD	2026-01-20T03:30:36+08:00	2026-01-20T03:30:00+08:00
95cf41JPp7hM3EhEiUUTEcwHTkBxLfo67VWtDtGkEykX	2026-01-20T03:30:38+08:00	2026-01-20T03:30:00+08:00
EpYQKm6YTTB1KgGRiQc8iubi2wUkx1vwUgaA3cHa7yom	2026-01-20T03:30:38+08:00	2026-01-20T03:30:00+08:00
3uvFkcQqsD41rstYfmryJXimfjPyuckF3KGtLbAv4tPR	2026-01-20T03:30:38+08:00	2026-01-20T03:30:00+08:00
75ZUZHbQgNBEKnGkTTjr5bcnKguywUCJ1yYMESFVpegU	2026-01-20T03:30:43+08:00	2026-01-20T03:30:00+08:00
9hQKgBzJTCtpKYY6ZtBz1hkeWYKDBhLZ225E863XFBog	2026-01-20T03:30:47+08:00	2026-01-20T03:30:00+08:00
3KvsoNxgn64nsuHKPBHQJsguef3DgEkP2izE49k6CSAZ	2026-01-20T03:30:47+08:00	2026-01-20T03:30:00+08:00
4r33xEKAD2cNMrC9NyJy8nb4XmruUKebZ6LZZm65PVUZ	2026-01-20T03:30:47+08:00	2026-01-20T03:30:00+08:00
AXwZQn3qBxCfnPeQmAX43GuXsX7qUADzwo4TNoVFCvLj	2026-01-20T03:30:47+08:00	2026-01-20T03:30:00+08:00
DqCqsuiKrZ5shFc2iCF3JveDxQgxRECyFwKLN2XdoMb1	2026-01-20T03:30:47+08:00	2026-01-20T03:30:00+08:00
2duhZQtTYQQKSujeE7YSjRgxhNnejU8r3smp18EudAhB	2026-01-20T03:30:53+08:00	2026-01-20T03:30:00+08:00
7iVCXQn4u6tiTEfNVqbWSEsRdEi69E9oYsSMiepuECwi	2026-01-20T03:30:59+08:00	2026-01-20T03:30:00+08:00
J1h3MyTatDeTmSBm8CTdE5JUWM6DydSdnxdWQoc5ZDm6	2026-01-20T03:31:00+08:00	2026-01-20T03:31:00+08:00
q9ZMjPrDTd2jAxoPoPUNH8Qor19JNPBjyri9MjZvZEp	2026-01-20T03:31:03+08:00	2026-01-20T03:31:00+08:00
A8ssdwHpPmitNc7o9p2qLpNywTz3Qh4KGc5L4MCwcYtf	2026-01-20T03:31:07+08:00	2026-01-20T03:31:00+08:00
6gMSd7t8yaete8EUJRWoUjvTZxxQahJE9sCXtUHrcaku	2026-01-20T03:31:07+08:00	2026-01-20T03:31:00+08:00
3HLQcHrcSV6NYY6r3bEP7qN54UVQMSWGo6GJy7ryJmwc	2026-01-20T03:31:07+08:00	2026-01-20T03:31:00+08:00
GjJgsgwK4SX7BkWzQMA4mnEkrGtgc1K4LtpftKkpdbos	2026-01-20T03:31:11+08:00	2026-01-20T03:31:00+08:00
EuCYgHdGestYN6c3Ptf9DDECgneMB1rb5nBJru7pCneG	2026-01-20T03:31:17+08:00	2026-01-20T03:31:00+08:00
4Xm5bTLduBQfVbz4NkUhSbcZBGd2i6pB9DH1foJiH6mL	2026-01-20T03:31:19+08:00	2026-01-20T03:31:00+08:00
CA3EwZdunQGbQgELjLy6seriTZckRiYMyLB9sz6CNnm3	2026-01-20T03:31:19+08:00	2026-01-20T03:31:00+08:00
nLWn4r52ynabRRk7Lq4JK4X3jCBV44BvcQvDaAnYAfy	2026-01-20T03:31:33+08:00	2026-01-20T03:31:00+08:00
8vpw8VMYs9hUKxFi4cNttwnG4RbnB11F7pGCtsxXCeSV	2026-01-20T03:31:33+08:00	2026-01-20T03:31:00+08:00
GDwKYqJTyTuTzKdYWyK8tN3Qp9iyzDfnK8PiReP6Sq3k	2026-01-20T03:31:36+08:00	2026-01-20T03:31:00+08:00
H85dEVQ3eQ5BsawwipJ3P3uvgDNsJvnqWfBdFPSVHZ7k	2026-01-20T03:31:39+08:00	2026-01-20T03:31:00+08:00
kp19RfjiQEi44Fet9YXu9wLkwzqr4fB6FKLtMWixRWt	2026-01-20T03:31:41+08:00	2026-01-20T03:31:00+08:00
Gr4UUwc5ooaN7zHskTj9uxjEMKxMNERZDq67A7c599EZ	2026-01-20T03:31:41+08:00	2026-01-20T03:31:00+08:00
5aLY85pyxiuX3fd4RgM3Yc1e3MAL6b7UgaZz6MS3JUfG	2026-01-20T03:31:48+08:00	2026-01-20T03:31:00+08:00
3i6jzPiqUphRFs9UiXg2YzgT2tgoD9yoVwZCwiYGskao	2026-01-20T03:31:48+08:00	2026-01-20T03:31:00+08:00
3XSEvBwiEbNKMA3k7vJgmgtqNKygc53CtYd6wgWUhXKA	2026-01-20T03:31:48+08:00	2026-01-20T03:31:00+08:00
AZ2puKg3uxEQSQRNeX4gKLEj8GbMzHoTmwGS46wTZT8x	2026-01-20T03:31:48+08:00	2026-01-20T03:31:00+08:00
G8Ae9T8iG7aNCneiuoi3aCwvaW6DuLkutspTzzTvVV4B	2026-01-20T03:32:00+08:00	2026-01-20T03:32:00+08:00
G6PK8uDCMEaimypT1AW56rz91NKLF1W2nevMa8FgjHDu	2026-01-20T03:32:13+08:00	2026-01-20T03:32:00+08:00
7Trt4pEiZqkU8PiKpEr58gw5kmtAc4S2PaLMLEqDKpuY	2026-01-20T03:32:28+08:00	2026-01-20T03:32:00+08:00
HzyvtdQVhtc9Caoxe1rf11k1PHFvYhf7vCMHToUGkHxX	2026-01-20T03:32:28+08:00	2026-01-20T03:32:00+08:00
G52j9Vp5ujgyTmdjGnG7j8ZkxjBbARV58DyBnavZj1oD	2026-01-20T03:32:32+08:00	2026-01-20T03:32:00+08:00
J8AXZMkNiAaNwFXphMuXpJrpkApQLRz4jN3LeQfQ1CyP	2026-01-20T03:32:32+08:00	2026-01-20T03:32:00+08:00
CN4AG1iqQeLaZrQB2qsfJaAQgUBHeSXUK6UvC31n77UJ	2026-01-20T03:32:34+08:00	2026-01-20T03:32:00+08:00
BXb4WPdVbZGkg5b9TotdmsKf8bSb1HvP6Tpe4F8BfeK5	2026-01-20T03:32:34+08:00	2026-01-20T03:32:00+08:00
GxLoM2MyprYnkERe84238MDAWYyf2qUQCEQkkQh7tgBG	2026-01-20T03:32:34+08:00	2026-01-20T03:32:00+08:00
BRudMYCkLjSQqGVHEJqA7qT48KcKJv2L6LpfXdPCxEJY	2026-01-20T03:32:34+08:00	2026-01-20T03:32:00+08:00
H1UySdUtNUdGhgMDj7EeNj6BieDC3iqUERLUueK4Zz8n	2026-01-20T03:32:34+08:00	2026-01-20T03:32:00+08:00
Ek7heUVtReTjQ3rEzXkctXSByAkBxg8uZ1TP2P3m4qcb	2026-01-20T03:32:34+08:00	2026-01-20T03:32:00+08:00
9XAuTRWt7wPtozCfUjpBLWj22whYzoq6oVcTCrQB4jC9	2026-01-20T03:32:35+08:00	2026-01-20T03:32:00+08:00
HQJ4iFLpm1Uyj92barvzUBYWZ8agjZBqn4gmKVgv6Ufy	2026-01-20T03:32:38+08:00	2026-01-20T03:32:00+08:00
H45RiwoArQRz5a9e3bWtv8fUZxob5SxGhzn1x6jwtbZm	2026-01-20T03:32:45+08:00	2026-01-20T03:32:00+08:00
GX8uEc7QfTxkLz7xMKyrVzWHhFvrTN56oxMCfsfyWRSy	2026-01-20T03:32:49+08:00	2026-01-20T03:32:00+08:00
H342VcFxxjRSvxpGYLTojwfq9osATi3ajwzvW4qasmYx	2026-01-20T03:33:07+08:00	2026-01-20T03:33:00+08:00
BNSS5Dz54fReUJ4mDD2rSFbcYUzhgKY3BWRquLn4gy3f	2026-01-20T03:33:07+08:00	2026-01-20T03:33:00+08:00
4DnXa521cVHP84gWkYGfi2v4fkvByCms6rFFyQnkjasA	2026-01-20T03:33:10+08:00	2026-01-20T03:33:00+08:00
4LGHqEWS75nnNUTYAJ8zfrFUTMRQ2Xgf82YrrcuhxHQM	2026-01-20T03:33:13+08:00	2026-01-20T03:33:00+08:00
8ff1nPnK3Dyv6AWwyWvYzrs18e2FkYNLSg4xf1cQ7zYj	2026-01-20T03:33:16+08:00	2026-01-20T03:33:00+08:00
Genh1WQoYtMYoJXYSv5XPb3cwFzeKbp9C1xHPUVqgdeS	2026-01-20T03:33:27+08:00	2026-01-20T03:33:00+08:00
CNXKy22gmTDeCA1jDAnQyB1dTT7XiAE7cx26zv7ta72b	2026-01-20T03:33:46+08:00	2026-01-20T03:33:00+08:00
ANouwxkJR5UmMF7Qbp1QisCLERNzrw3YVNVjR552guvj	2026-01-20T03:33:51+08:00	2026-01-20T03:33:00+08:00
ET9t2JdLpsnU8rjYvBuzHT78eP15Mw6guhU8WoCWiePZ	2026-01-20T03:33:59+08:00	2026-01-20T03:33:00+08:00
BVAEX9TCnfDUzMNyru6SX68RTbMDkBJNAx9bgfuEKDLH	2026-01-20T03:34:00+08:00	2026-01-20T03:34:00+08:00
F1o31ULx1AKwMhmSArXGmiSGZNNMXEg7P4zyU73CQ3fQ	2026-01-20T03:34:16+08:00	2026-01-20T03:34:00+08:00
6qGcWWjipTk8s7cNry3rSa79NX4MLg2itRfQGMEJt6QX	2026-01-20T03:34:23+08:00	2026-01-20T03:34:00+08:00
9Edb7NAEyRfFEMAM9gpBgFyhPwPDLM7TfE2HBrErHiBW	2026-01-20T03:34:30+08:00	2026-01-20T03:34:00+08:00
rqseDiTiSZPHHZ7pLtNs9KsLvEVwmc7HqCuEPyVTJiy	2026-01-20T03:34:42+08:00	2026-01-20T03:34:00+08:00
YxqdJ5Sf6uLdrqSj9WQsYbWq5cQJbxYeitnu5fyXDmj	2026-01-20T03:34:46+08:00	2026-01-20T03:34:00+08:00
2DHVY19m7VW4WLccdn8gcgCSoSDyYhpTycXez2gePwgd	2026-01-20T03:34:46+08:00	2026-01-20T03:34:00+08:00
3BLevp1Tm8S5SPqeyFsaZRkiXmS6N4EE9zNKWTDXWfBt	2026-01-20T03:34:49+08:00	2026-01-20T03:34:00+08:00
7FdmvvY3JYnfa8e4kXmfCviGHBLH9LYnj5ZGNhfG1UE	2026-01-20T03:34:55+08:00	2026-01-20T03:34:00+08:00
9qLimpGJZpu37rqdp611ZEMJWQ3r6asbMmonfbTDvEmD	2026-01-20T03:34:59+08:00	2026-01-20T03:34:00+08:00
81a9yQdk4trmV2C7G2ywiMCRFF9kMst8jf7fe27PVeTD	2026-01-20T03:35:02+08:00	2026-01-20T03:35:00+08:00
Bx8d4uHfXjAfBzgwC8Wd3x6Em7oqSJUuVcqsEdp9pJUw	2026-01-20T03:35:04+08:00	2026-01-20T03:35:00+08:00
BdJ33tBuzmzURPxkre2uCPBRgQ2zNm1Gzj5fGN1h8Fx2	2026-01-20T03:35:07+08:00	2026-01-20T03:35:00+08:00
A1WrrkWvcjnz28XBhGJs5rBHgWBCY8ZLpE7kytQWLoPP	2026-01-20T03:35:14+08:00	2026-01-20T03:35:00+08:00
sdQ3nsqfX1cgqYLipBFf6C39LSk1Jg1P2psAdnKWBng	2026-01-20T03:35:14+08:00	2026-01-20T03:35:00+08:00
3ZR87cLV2PiJHs4LcyRVzpKqurAd9CXbEdH4W5RSq7X1	2026-01-20T03:35:34+08:00	2026-01-20T03:35:00+08:00
6SfTSzjW7d8EwU2zhsRz9N5zckycMEpTGMSLmqQAHfEg	2026-01-20T03:35:36+08:00	2026-01-20T03:35:00+08:00
HKfuzqtjGSVH3dyp4epepyFxMia2RvVkB5nREnUBjtkD	2026-01-20T03:35:48+08:00	2026-01-20T03:35:00+08:00
6E4fXM6xF9iqkDoN3fYmw3cMhVcbmXrqHrRDqtMDs3wR	2026-01-20T03:35:49+08:00	2026-01-20T03:35:00+08:00
FwpXinYK68RXcQkw4tiVH2XxQF42HLqGbPcFmWQLkjbL	2026-01-20T03:35:57+08:00	2026-01-20T03:35:00+08:00
CAJza3uiiT9MT3cGcodMgm2oRsq5Xnb9N4bAhLLAQmUs	2026-01-20T03:36:17+08:00	2026-01-20T03:36:00+08:00
3DnhGB1tWA2Kg25RgtKUuhnP2sg2V7KPFjooTvM39ktU	2026-01-20T03:36:27+08:00	2026-01-20T03:36:00+08:00
ARU3Va9KNo2HS7o4BA3vdgHDvbHzE6nkk5M1Luusgvk	2026-01-20T03:36:33+08:00	2026-01-20T03:36:00+08:00
yurydBvDHprPsp2sP5h6kjY3QJesBrAxvPJESV9r2q5	2026-01-20T03:36:33+08:00	2026-01-20T03:36:00+08:00
A2Tu3kk5ENreEQDyixpLF8feen2WjkZLCXvFVeayjjsp	2026-01-20T03:36:37+08:00	2026-01-20T03:36:00+08:00
Hi6GsesTaY32XPL57iGSjQvQRDkQmWvkuHvT2seYTSTB	2026-01-20T03:37:13+08:00	2026-01-20T03:37:00+08:00
Dfoe1WDfqYBGx7q4Y4sP192sjY2LEq2LJrd2LhLK4SwD	2026-01-20T03:37:16+08:00	2026-01-20T03:37:00+08:00
7EgbP2vJAKM4k4YnBUtmX7EQH82uqmEX6bqr7mhVYc9y	2026-01-20T03:37:22+08:00	2026-01-20T03:37:00+08:00
EgLbzWyMz8nSpi5hcmQinXDGSQ72PgasuKpYBnvAyrDQ	2026-01-20T03:37:26+08:00	2026-01-20T03:37:00+08:00
5Wi6i6q6YBmcMjsFdek7QGA8jyQhHqG3ooqvzDohBBm4	2026-01-20T03:37:33+08:00	2026-01-20T03:37:00+08:00
Eu8a3pKtY28Sofa27vCVUxaVsWMj4gEsMWLM4k4bdSMA	2026-01-20T03:37:33+08:00	2026-01-20T03:37:00+08:00
GMw12x43Wa5rRtqpjEtbGzAkmbqSmsohm3V3RLbHT3UG	2026-01-20T03:37:39+08:00	2026-01-20T03:37:00+08:00
2LzsZcMK75XpACUE5JadADsXT6jnKV47T3uqDEtp6TUc	2026-01-20T03:37:43+08:00	2026-01-20T03:37:00+08:00
7mq6vNbRudRh1RnyXqPfWWZP4n9GGXEhZHr91UpjZ72U	2026-01-20T03:37:45+08:00	2026-01-20T03:37:00+08:00
4RQ58ipkcy4MCA6xQvMa4tQfgB66KHc8emLGJNRNK8kZ	2026-01-20T03:37:46+08:00	2026-01-20T03:37:00+08:00
2h47BArZmUzcDD5E8nbmF5cGhExHi6AzspoaBF5YZ8J6	2026-01-20T03:38:16+08:00	2026-01-20T03:38:00+08:00
HaPPYBZ2VZbyMu7SZfUPumGffeJ6hFMSbiovrBMcdJLf	2026-01-20T03:38:16+08:00	2026-01-20T03:38:00+08:00
FkT7sXCo9GRCPMNsMXynBnTaUQ8fUdY5wG8SBGfo8JTh	2026-01-20T03:38:16+08:00	2026-01-20T03:38:00+08:00
4p6xne4qP7crWD2ciHybXLo8gh7EJ5MFPL991jy1Appe	2026-01-20T03:38:19+08:00	2026-01-20T03:38:00+08:00
DJ56vK63Df3q53jrKnTTG4PpMtE16MR4kf78arMXMfv2	2026-01-20T03:38:24+08:00	2026-01-20T03:38:00+08:00
6EeaQGco734a4iKXPV6YofXhP2f3Hbo7SMKPD2PUejeS	2026-01-20T03:38:26+08:00	2026-01-20T03:38:00+08:00
CG2vERx6pD7NdZDCKH2acw5pas7qD9pzYGQ6NQcxcEz3	2026-01-20T03:38:26+08:00	2026-01-20T03:38:00+08:00
43vwNthUMgqND5qEwHJ7nAyf1qU3k6zY4DKqdJVroYNf	2026-01-20T03:38:31+08:00	2026-01-20T03:38:00+08:00
88W8c3Sbp7gCLPC2TYLNYJ7a1spUc4jqm8wCM1htfFkG	2026-01-20T03:38:34+08:00	2026-01-20T03:38:00+08:00
CJAcW6rXCzX6mJ9q9eoNYJ5CMCKLXHTUoqJEg9RmdCav	2026-01-20T03:38:37+08:00	2026-01-20T03:38:00+08:00
FX6HXThci5NwyxfK68bJGJR1dcQSpPx4yQJ7xLibQqoT	2026-01-20T03:38:40+08:00	2026-01-20T03:38:00+08:00
CfLydZbMPWRtSnGfyjVxRNv8mhkxqW2ZxTSyGs7p6yh3	2026-01-20T03:38:42+08:00	2026-01-20T03:38:00+08:00
Da4vn2kjknLGXzXKynzrLthT6ag5EY7qE8CYkRKvFHgK	2026-01-20T03:38:58+08:00	2026-01-20T03:38:00+08:00
H5RkNC3YpkGK9puuDMZbDJBf2KgCV3ircjiCQoRxuxif	2026-01-20T03:39:01+08:00	2026-01-20T03:39:00+08:00
66666y3RmL6gNyttNKXNhF5awxAWbBdGSfpKuaTLrjRH	2026-01-20T03:39:01+08:00	2026-01-20T03:39:00+08:00
vmSb6tmwhii1fwEYzKNUHwekPj7owPN6ae4mh95VewX	2026-01-20T03:39:01+08:00	2026-01-20T03:39:00+08:00
B3wagQZiZU2hKa5pUCj6rrdhWsX3Q6WfTTnki9PjwzMh	2026-01-20T03:39:01+08:00	2026-01-20T03:39:00+08:00
9ewgqJmKfCdUhKKqP6V8JGALnePcMEoyitMyZLZyeDFm	2026-01-20T03:39:05+08:00	2026-01-20T03:39:00+08:00
AtConzAepgzSDgzHYWYUviS5C8QdhyGBZuiAeJqRLekR	2026-01-20T03:39:12+08:00	2026-01-20T03:39:00+08:00
47Vequ1iN5XnXD2uoZeNsZV9B3kEM7niyXfZjxnPTr77	2026-01-20T03:39:15+08:00	2026-01-20T03:39:00+08:00
6mLCYzhaVs43MpH5yRVDyGw41Jhtkb4JW8VKKYKicYnW	2026-01-20T03:39:16+08:00	2026-01-20T03:39:00+08:00
FSQML357kdA185mFoLdJasRvoBMRUkXD46VUMU7E8FN	2026-01-20T03:39:25+08:00	2026-01-20T03:39:00+08:00
FRpAb5YT4rJkFrTwB3PquSjkVVaYV5Kikc2cL9FxjSqC	2026-01-20T03:39:25+08:00	2026-01-20T03:39:00+08:00
DKUAoceDVfKCEzAxBws8HMTUqaMuAHUDiCQigiTPJzq4	2026-01-20T03:39:29+08:00	2026-01-20T03:39:00+08:00
AitDoPWmJQaDVrPptiFNodQ5QXhgUm5Kf487NmVEjjWJ	2026-01-20T03:39:32+08:00	2026-01-20T03:39:00+08:00
3AMRrAXgcUqSrxJXE5advNFWNeWtWxKsNEMSM1Ny4VkV	2026-01-20T03:39:35+08:00	2026-01-20T03:39:00+08:00
958nMPMnLKWyFmimPiaJSteGikTZS1ja7Tmstei3RE3i	2026-01-20T03:39:45+08:00	2026-01-20T03:39:00+08:00
8aKCVb81pkp2hyjyLMZwxhMjk32bAM2vpKqx5qF5ha47	2026-01-20T03:40:10+08:00	2026-01-20T03:40:00+08:00
DnrtFstYTbrRiauA15m7sEjb7D7qB15GUUq4qBjtPcgo	2026-01-20T03:40:10+08:00	2026-01-20T03:40:00+08:00
JAPZR6h926ypxoAAvKJu4iyrYT7SSnw8qyAi8VxEchv1	2026-01-20T03:40:16+08:00	2026-01-20T03:40:00+08:00
3g4Zye6w4a1UHKxDQyrSM68Ayqufxpf4R9HEifL9ejcP	2026-01-20T03:40:21+08:00	2026-01-20T03:40:00+08:00
CAZsKFor4DeiyB1DDq7f9BNBkkgAgS9Q3hnZyKigh68Y	2026-01-20T03:40:21+08:00	2026-01-20T03:40:00+08:00
HDsxJuZSBRhiMJj56VAqhXTZNdFfwrvj2S6HpFsp8USn	2026-01-20T03:40:30+08:00	2026-01-20T03:40:00+08:00
GEEE5DEoAKcKo1eSmfQgoquNppWK2JpJeJ1WWKXbEhuY	2026-01-20T03:40:30+08:00	2026-01-20T03:40:00+08:00
CrufsRegmPhpqzzj4TWX8c6MrKq7hiMt7SGx3k2Dy2B9	2026-01-20T03:40:36+08:00	2026-01-20T03:40:00+08:00
3k377xSHKnbsNX4vBfKNgSKPzE3PunMrAXAgjBUpdpzR	2026-01-20T03:40:39+08:00	2026-01-20T03:40:00+08:00
Bf8nikF5mUizyVHtwBUpjn9TjDvP5sWUsuMgK9X7XVDG	2026-01-20T03:40:45+08:00	2026-01-20T03:40:00+08:00
4SiaMW3WTpbvgdPwyxGWtyGjXvpukHmguSvEhGS2Zkib	2026-01-20T03:40:51+08:00	2026-01-20T03:40:00+08:00
EAi7pueCbhkioMb8kHtib2hrVWvTkhkPpNq4saHQfhFy	2026-01-20T03:40:51+08:00	2026-01-20T03:40:00+08:00
7VEQoxNJVU7MFG1Se71gnjk8XaxPthg9QH47xB7f58jK	2026-01-20T03:41:00+08:00	2026-01-20T03:41:00+08:00
BrDZ1HFiwwYMne7Hc6vtDaUUWEQBFG3TH2Hbbk7PTN3f	2026-01-20T03:41:00+08:00	2026-01-20T03:41:00+08:00
3vZqSEzr275StZ5ncqEphkL9XRxpQGfdkBQLdaqyEk8f	2026-01-20T03:41:04+08:00	2026-01-20T03:41:00+08:00
sFaqLT8gqxX2Dj3Hhdh7XEDgx2piTGbqNtAcYMDZAnC	2026-01-20T03:41:04+08:00	2026-01-20T03:41:00+08:00
2HvdWyiRK91zS1vukAbuQKz2Jg2cwj7Uj8Fxx4JvJiXc	2026-01-20T03:41:04+08:00	2026-01-20T03:41:00+08:00
8TmEdDjLkwpWvNKTZtTtJcHjy5MuPbaGq1toY41WNCaf	2026-01-20T03:41:16+08:00	2026-01-20T03:41:00+08:00
HPrMHxTbcrhPYn1gRQmaxKLWLmxs8Lz7APmGQwu91SyQ	2026-01-20T03:41:21+08:00	2026-01-20T03:41:00+08:00
7BNaxx6KdUYrjACNQZ9He26NBFoFxujQMAfNLnArLGH5	2026-01-20T03:41:21+08:00	2026-01-20T03:41:00+08:00
8FYcszqjrZ4sh5q1nso6YrFC51dGE4o2giq2tXXtFP6A	2026-01-20T03:41:28+08:00	2026-01-20T03:41:00+08:00
8a2ievdUmmREWcVEEGhrL1sQzBedoJP2u4yGQZJk4kLm	2026-01-20T03:41:28+08:00	2026-01-20T03:41:00+08:00
A9eLa4Rr7Z78ovaiHQacsVsYRygtN32Pq48DhSLdhKoT	2026-01-20T03:41:39+08:00	2026-01-20T03:41:00+08:00
HEfyQvZyH8Y7eimj7vowcovjxygFdyJ9zubtvATkn2fH	2026-01-20T03:41:53+08:00	2026-01-20T03:41:00+08:00
36V3yrxJDjVHn7hU5qoXtXY44FxKMi75FNCR7Um3rSQQ	2026-01-20T03:42:00+08:00	2026-01-20T03:42:00+08:00
D7xVJS5ESwrS73HQ3pgqKPGwSNz8SyPMp4ske3vaFqMx	2026-01-20T03:42:07+08:00	2026-01-20T03:42:00+08:00
C5JXfmKo4sqTYYriBB9JSw6jE8cxQrAA4wRHb6p3HJYR	2026-01-20T03:42:07+08:00	2026-01-20T03:42:00+08:00
JCcgs4pJBvdSw8xXsLbhJR3ZgoZqP2zxMX2NmJtNUXa	2026-01-20T03:42:17+08:00	2026-01-20T03:42:00+08:00
5ji7mE2wwcEad759GPVwoSM6aDNZ6WrvYJUBYbBo2rvC	2026-01-20T03:42:22+08:00	2026-01-20T03:42:00+08:00
CqQiz8gqfWeUHMVWmUd7StiZ34uv4vzCcUCkC4FY6HLk	2026-01-20T03:42:25+08:00	2026-01-20T03:42:00+08:00
7RajPdU1ySpudiUMxPJjjJSWb6FPRw9qa3zYBSwdvTn6	2026-01-20T03:42:40+08:00	2026-01-20T03:42:00+08:00
8d8qgu7X8UqMfUfb3wH7H7iUePL4D51btmXtcLB5mMWB	2026-01-20T03:42:51+08:00	2026-01-20T03:42:00+08:00
5yPWsff12hJ3ZSTgRiMt5dkgpP7rfyJhR9KPWYvTeG5j	2026-01-20T03:42:57+08:00	2026-01-20T03:42:00+08:00
CdJfbLdptqrCsE88JJdtxr5oQ4AXw2hz8scvksW768hm	2026-01-20T03:42:58+08:00	2026-01-20T03:42:00+08:00
6xbF474H8M7hJQbCeXm9yL7XF2UAhuc6wGLeJD4UXMkh	2026-01-20T03:43:01+08:00	2026-01-20T03:43:00+08:00
CYzD5zhkhPEhz93UewNqbDKz9CcyjWLYZdydWZpBfep8	2026-01-20T03:43:02+08:00	2026-01-20T03:43:00+08:00
2sT2usN51Zdoqt6wvTHFa8AySdLAi2rsGybsHwegVnX9	2026-01-20T03:43:07+08:00	2026-01-20T03:43:00+08:00
EWzjNjf3ZN48Jo34cFjU9ECn6nPH9NGRRjtc9xDZpCQD	2026-01-20T03:43:07+08:00	2026-01-20T03:43:00+08:00
AdyJDQ8JeuVZ67AtLucYPHor7TobEGWJVVchqfGHB46v	2026-01-20T03:43:11+08:00	2026-01-20T03:43:00+08:00
9HSnEXvVKHFsDtUFhinzF4CdyzUD4bNETmvrytx3Xj2k	2026-01-20T03:43:39+08:00	2026-01-20T03:43:00+08:00
C4uaZKciHa7uferN7xGzgKcRxGaG9qZ6wH8XLqExUVqE	2026-01-20T03:43:45+08:00	2026-01-20T03:43:00+08:00
C7j9V4TnUDqFf4qCuMhbuEas22r7mwusQQUoMTjqjhJ2	2026-01-20T03:43:49+08:00	2026-01-20T03:43:00+08:00
8Bf3giTAC6HXSggqqiFbo9iUV3TLoUCHUrPhYUFCAbeK	2026-01-20T03:43:53+08:00	2026-01-20T03:43:00+08:00
EVaRnuoxPp7izw1rVWyMbn3LoGxcqbZFaUuK2krv5N37	2026-01-20T03:43:53+08:00	2026-01-20T03:43:00+08:00
ZTcWqEjkWqX2AxpcA9k9KsmiHA1oZKunBTLcpbT5UvP	2026-01-20T03:43:59+08:00	2026-01-20T03:43:00+08:00
FV7W2i6mY5toz1qJ8vrTxdcHQzWXjesEotiXzXDnY3Mn	2026-01-20T03:44:02+08:00	2026-01-20T03:44:00+08:00
4eJJeZcD1UxGTetYJyfza4TRMxSmYDUNjadtTq93EjJy	2026-01-20T03:44:08+08:00	2026-01-20T03:44:00+08:00
J1VMsYKkde7doYnNbwZekXoQ75rPUoDe28PTnRzUaPxf	2026-01-20T03:44:15+08:00	2026-01-20T03:44:00+08:00
2PQyzUKa3oqcdsvBo5j1PPS7nPKfDuDHsxzAYNqymrND	2026-01-20T03:44:33+08:00	2026-01-20T03:44:00+08:00
HuTshmtwcQkWBLzgW3m4uwcmik7Lmz4YFpYcTqMJpXiP	2026-01-20T03:44:39+08:00	2026-01-20T03:44:00+08:00
8srypLJ6JEUZsUPkpNWMVBNJJ8fceDpHgHB2EqKrLYdJ	2026-01-20T03:44:39+08:00	2026-01-20T03:44:00+08:00
J3VRGhUxvtKPNP2TPeraFx2VheWEJEZUyHjAPeR5cWXb	2026-01-20T03:44:39+08:00	2026-01-20T03:44:00+08:00
7og1Bd74H6eGeTwGgbB5jTjcM8WsWmEPfbwE3GrAr7Ar	2026-01-20T03:44:39+08:00	2026-01-20T03:44:00+08:00
CNMk4d4WHWVfa2PwW5ZHNiiFB3TLXafpZbK9b9PrkNnr	2026-01-20T03:45:06+08:00	2026-01-20T03:45:00+08:00
4LPcBvrFxHzFQ9QEiECkGSYw1vFY3ca7bTffz3TRSf5u	2026-01-20T03:45:13+08:00	2026-01-20T03:45:00+08:00
fkNu3z1epiU3kbDyRCzryhbJLLq16UvbywAzV1oDiNv	2026-01-20T03:45:46+08:00	2026-01-20T03:45:00+08:00
3bvrBvB7bCJNfPvHbJf7qXRWFRAgGGjmGBSb5ZwLYxR4	2026-01-20T03:45:57+08:00	2026-01-20T03:45:00+08:00
GuhYa9KxSpX9mzdfYLLmLzZ8Dsf81h7LvByHCtKwtqe4	2026-01-20T03:46:12+08:00	2026-01-20T03:46:00+08:00
2iU1v6ycvozxL5DEaH1EjooHRTHGeVkKdd9BVouJYWw9	2026-01-20T03:46:16+08:00	2026-01-20T03:46:00+08:00
DFSXPY2nN96KwgEULg8YbZk1dCfanc7gy2285L1AW2XC	2026-01-20T03:46:23+08:00	2026-01-20T03:46:00+08:00
56XQdmjh9sA3LsyYHUnQe1VDjXxWAjC31Py8xzdATg33	2026-01-20T03:46:25+08:00	2026-01-20T03:46:00+08:00
8wNYXzAazDVTGa2Rvk2ARUhjSXYy6D3UGiRWygRoH7Ku	2026-01-20T03:46:33+08:00	2026-01-20T03:46:00+08:00
BvB9h1GPS4aiNkEvtmsricLpipstruFBQp4asqUv8qhQ	2026-01-20T03:46:36+08:00	2026-01-20T03:46:00+08:00
Apu1AfPehzZVkfLfqESngV3EwKDKJt65m9rtUZoAL2hC	2026-01-20T03:47:04+08:00	2026-01-20T03:47:00+08:00
HLta9K4mCnLb9aRUDv9Sh2LXDpeHmdYc852Rn7b6q7ig	2026-01-20T03:47:07+08:00	2026-01-20T03:47:00+08:00
2PTbmV5gFB85U8sGhLDBqmmEzmPx7t8M6x3GKqN5QnjJ	2026-01-20T03:47:08+08:00	2026-01-20T03:47:00+08:00
AykB96t2vJ722sLpbSR7bU53qwnKMXXidkXnbNBa49Rc	2026-01-20T03:47:10+08:00	2026-01-20T03:47:00+08:00
5xg84TKwJpzQvSK8cJYFzNm6rvLkuXj2vNush6JmdiSy	2026-01-20T03:47:10+08:00	2026-01-20T03:47:00+08:00
DQCFrCGRHzgDX2hyRqUjS1pbX3yctKzuMTPUb91MhQ36	2026-01-20T03:47:13+08:00	2026-01-20T03:47:00+08:00
NAUqCC4AWhT9Zd68WHVpEpWfrEL7amvhkkVadjU64YS	2026-01-20T03:47:38+08:00	2026-01-20T03:47:00+08:00
21oTvgFgAynykCEPYLXhnBzyC4LeqGDBvsx8RbGgu5SR	2026-01-20T03:47:40+08:00	2026-01-20T03:47:00+08:00
FZRbRN7QCWkDm7PkXNMLZ9y7414EFEUJ7JzejVNmnBog	2026-01-20T03:47:41+08:00	2026-01-20T03:47:00+08:00
4oZ6Ahtbva72CnxiVcsNBuQZ2tyGzg1QuZh7LfuqBL9v	2026-01-20T03:47:41+08:00	2026-01-20T03:47:00+08:00
5E2UyR2AMTfXTPzRoe5arnM4imad71TUta775gjqQiTe	2026-01-20T03:48:07+08:00	2026-01-20T03:48:00+08:00
4iTpb5dhFmH9hc74bjsJgPmMEGMxXLQVSipy4MXLczut	2026-01-20T03:48:23+08:00	2026-01-20T03:48:00+08:00
UUAhspPgUdGuXUnokmxERH1VvNGNh1ouN3mfcbfV8yd	2026-01-20T03:48:36+08:00	2026-01-20T03:48:00+08:00
2WBbjsFAxMEa8fCU8VXmoutgSQjwuUMHWNiZi4Aecc64	2026-01-20T03:48:36+08:00	2026-01-20T03:48:00+08:00
2QfBNK2WDwSLoUQRb1zAnp3KM12N9hQ8q6ApwUMnWW2T	2026-01-20T03:48:36+08:00	2026-01-20T03:48:00+08:00
3QELEdPBiyzRVNh2bnKbsnXgKfQdmSjg5pscoRJHDb9k	2026-01-20T03:48:36+08:00	2026-01-20T03:48:00+08:00
3J7ZjmdcrwHMuW8osom4K19ybm1NL1mAP89DpC5MyEWC	2026-01-20T03:48:36+08:00	2026-01-20T03:48:00+08:00
5dGoVnBWcqcEEax7XEpfwC3um7ES9BVGyC158f8DCQJj	2026-01-20T03:48:37+08:00	2026-01-20T03:48:00+08:00
4o3yQZU67exoMxoDEAg14o8EdJqUAy2pQysft14AeZRQ	2026-01-20T03:48:37+08:00	2026-01-20T03:48:00+08:00
FkdDHrM8j8psKbxuwjV1jBKCM2JGPygkj7WCX8sSCzNm	2026-01-20T03:48:37+08:00	2026-01-20T03:48:00+08:00
JBVpuKD4cEVUjZ7conFwKZKzdpY92C1hzwCHYr99L54z	2026-01-20T03:48:37+08:00	2026-01-20T03:48:00+08:00
CHjngeS7CWm3aSp35J21ZGZuiAN4sqRBKJbYyZcoehjC	2026-01-20T03:48:37+08:00	2026-01-20T03:48:00+08:00
zNpnujuez8vKHTT6LZs9nLFvk3spHAXaVg1aALxgzMk	2026-01-20T03:48:37+08:00	2026-01-20T03:48:00+08:00
CRzpBtFwjGkYKjwPSBzC4mn8qF2eb7XpjfPemubT4dgE	2026-01-20T03:48:37+08:00	2026-01-20T03:48:00+08:00
P1WDVRYebEmoYbKrSbwKGHj9fKTE6vyYsmWQSdpt2uz	2026-01-20T03:48:37+08:00	2026-01-20T03:48:00+08:00
HvFdDWS3RqymRAVx1ZdoL2RjiC38r5dtt19Z8op5jqDK	2026-01-20T03:48:38+08:00	2026-01-20T03:48:00+08:00
BGPQf8jHQESigxaAfyuTRsFJHLUF2KgUtBiqysdnV5TG	2026-01-20T03:48:38+08:00	2026-01-20T03:48:00+08:00
8JmM9ueEQHMiR14KXM2jk3rY1RkfLrhJUncbuXgUMmMo	2026-01-20T03:48:38+08:00	2026-01-20T03:48:00+08:00
9rC3ixwUdhd1KX2n93dP3eAf6an2Rt48PXGyBjfLDGK4	2026-01-20T03:48:38+08:00	2026-01-20T03:48:00+08:00
BoYvaeEhtrxbM4TtdLVHsZCv1MffSms8pqD3SYNuujy8	2026-01-20T03:48:38+08:00	2026-01-20T03:48:00+08:00
2kFTte2AKLTceJQNnW4vqNbGgaQGbGXVrN8o6vemD3zQ	2026-01-20T03:48:38+08:00	2026-01-20T03:48:00+08:00
pSBHbwowNHwDfmBaJVP7wkhtuwPqXHN6CsAHTGJwNwi	2026-01-20T03:48:38+08:00	2026-01-20T03:48:00+08:00
AQ3MK4mf4i4r3G9rkbAvfoxGP6eZ7yscuiy5Syyuq27U	2026-01-20T03:48:38+08:00	2026-01-20T03:48:00+08:00
9MmnTg2jnSfXSQc33AgZhBs2jGSZUjt6B1Hc3zkhR3gG	2026-01-20T03:48:38+08:00	2026-01-20T03:48:00+08:00
E3TyG56Z8DxmeZhCdPBKCpSy9GZhAWUEz33FbpAgwqC	2026-01-20T03:48:42+08:00	2026-01-20T03:48:00+08:00
2p3LNT3FUFh1cxKpApwEV8rstH1NcEFW6SWZtbhnupYS	2026-01-20T03:48:42+08:00	2026-01-20T03:48:00+08:00
4iBp81iDeX17UwTAFatR95Z5tc1KLAg3NyxxMAsc5QQL	2026-01-20T03:48:42+08:00	2026-01-20T03:48:00+08:00
29bvgpVvA1Vg9HXTXicRJkmuyvqwJ4QuupkEPk7BY2Tj	2026-01-20T03:48:42+08:00	2026-01-20T03:48:00+08:00
eGkFSm9YaJ92gEUssj9SRzGwkxsLrpjq6Q5YbKQ9sUf	2026-01-20T03:48:42+08:00	2026-01-20T03:48:00+08:00
FmTnMTojpCnYxcsbA9fF1Yv5M1qiPbdpk9qEkdV4WbBU	2026-01-20T03:48:42+08:00	2026-01-20T03:48:00+08:00
8xSxYQ9MT4zy4JULoJEyMt5L2ztWfCPqFLvoT2qB3zU6	2026-01-20T03:48:42+08:00	2026-01-20T03:48:00+08:00
43SnFDEWqDGv6inBvN9LPChrfATHYQYFVDiUG7y3uEDi	2026-01-20T03:48:42+08:00	2026-01-20T03:48:00+08:00
HcVpD2bzu8jTm5TXayKUduxsHhSTL6ePtUY6G17jKa6j	2026-01-20T03:48:46+08:00	2026-01-20T03:48:00+08:00
AqwxwoZWCdzr6zFQV5N44r8e5j1SG3w8XeaVc12oM1Hf	2026-01-20T03:48:46+08:00	2026-01-20T03:48:00+08:00
7XqVbH9zJxA3hPWYwMpWmiV1VtDp9FdpDiZNW1t7Y1c4	2026-01-20T03:48:46+08:00	2026-01-20T03:48:00+08:00
J7GR6XoJfCPwZumW9xZ1nbWkyaq1oYSQuSVmCdBTx6Nf	2026-01-20T03:48:46+08:00	2026-01-20T03:48:00+08:00
BNahnx13rLru9zxuWNGBD7vVv1pGQXB11Q7qeTyupdWf	2026-01-20T03:48:46+08:00	2026-01-20T03:48:00+08:00
1337tfZ2aYuCEY14XWz5d1bnYkSyREuwM5DaPBeaqKKo	2026-01-20T03:48:46+08:00	2026-01-20T03:48:00+08:00
AwoZVXoFQsaZzrcDwFY1fhDpvFHTxPda4555QKeRuueN	2026-01-20T03:48:46+08:00	2026-01-20T03:48:00+08:00
g6d5h9iWdfocEd6QzevrcEW51msnt8cpNJSeB56ciyQ	2026-01-20T03:48:46+08:00	2026-01-20T03:48:00+08:00
rzRAqRWYs4tuUNwJ7jGVXWDeH2kL9bPByautPNZFFkW	2026-01-20T03:48:46+08:00	2026-01-20T03:48:00+08:00
49ajBKTnkvGv5uvENbCGbkKS9VBmEYnYynvSQTn1gBAp	2026-01-20T03:48:46+08:00	2026-01-20T03:48:00+08:00
FP77jzJ4XfsHMA9xz8A6rgLZg6qpF7uZyzzSe2juDtXM	2026-01-20T03:48:46+08:00	2026-01-20T03:48:00+08:00
AibTRpaH3kYaHd2hqL8d6Z4gKninfyHdqg1fZi5WkfMi	2026-01-20T03:48:49+08:00	2026-01-20T03:48:00+08:00
AHbUSZ8HLbiJFC7bVx7Fo1e2e4JxRythQRir7EQjLv2Z	2026-01-20T03:48:49+08:00	2026-01-20T03:48:00+08:00
BrhLDPYcZEfh6LE8e21SkSRxX5pc6EBRKScU11wZ1fPV	2026-01-20T03:48:49+08:00	2026-01-20T03:48:00+08:00
P8FGDewRgTKheiEvLjEKq1PaLwi6pskTcyPoVy3sWfj	2026-01-20T03:48:49+08:00	2026-01-20T03:48:00+08:00
3W5haBjwYJUMAyqfut12oz8mJ7uCav4dMzHM2bF2UcGT	2026-01-20T03:48:49+08:00	2026-01-20T03:48:00+08:00
3oC6MXiEc9xkYdRGLesNGsGtUkkcKwi4rZqQNVNVb61C	2026-01-20T03:48:49+08:00	2026-01-20T03:48:00+08:00
G2hzMbAEjshUaoovM9z5MRJMYTxxysg4QRyuf4S618hN	2026-01-20T03:48:49+08:00	2026-01-20T03:48:00+08:00
98jGkEHXtQBR2mkVCCCR6U5AGdb63xjMWYn4R4My7eSP	2026-01-20T03:48:52+08:00	2026-01-20T03:48:00+08:00
HAfgRjuxEztuVa5ntRtdoBkC337wzr56GgXfYfsopyNN	2026-01-20T03:48:52+08:00	2026-01-20T03:48:00+08:00
4sQ8MauYreWTgYdN1fcaFGJt5c9KemauBhjwUS46y1NV	2026-01-20T03:48:52+08:00	2026-01-20T03:48:00+08:00
BxKgc2pv5nB22EdWMaUXD7nHxBCkGZzMihkM5HxaDyDn	2026-01-20T03:48:52+08:00	2026-01-20T03:48:00+08:00
GAYeu4sM42VJANeJBJ4ckKyGD2gBcmrjMEtwwCe1yGBh	2026-01-20T03:48:52+08:00	2026-01-20T03:48:00+08:00
CDZ7BYxCDiVfgZhyZYqzoKpSGnb5AnDmHErLZB2FLTgu	2026-01-20T03:48:52+08:00	2026-01-20T03:48:00+08:00
EqfCCCcgYAqntbaNuE3Rz8UiJ5LGtfge5gPX4ng4Fg61	2026-01-20T03:48:52+08:00	2026-01-20T03:48:00+08:00
DCyzd7SSe2vhWTraDuxvodqAQF5c784pt2ykhyYmEo7j	2026-01-20T03:48:55+08:00	2026-01-20T03:48:00+08:00
6t628oddqt4o9Kdp8JbKRrLn4h8vVokd2YguBtms4FZ8	2026-01-20T03:48:55+08:00	2026-01-20T03:48:00+08:00
GEoZdtd8Y5U9M5VvH6vKXsSaijP51qBn1CRmvb4Wuccz	2026-01-20T03:48:55+08:00	2026-01-20T03:48:00+08:00
GKNLcYK3ZT9BkAvdpKMwCy6zXdKt6Ey5r8WpBhNTF4au	2026-01-20T03:48:55+08:00	2026-01-20T03:48:00+08:00
GT3dGi2jKHGqXUm6up7RHRCZNoAbsmnjKSoRL5h5LGWm	2026-01-20T03:48:55+08:00	2026-01-20T03:48:00+08:00
xSWHzRZqm32bJ9PVHD2vCMU4Zf6aNLYJ5C8wNwx22eH	2026-01-20T03:48:55+08:00	2026-01-20T03:48:00+08:00
2BcQLgZEGPqAB51DGRkf8L9mGzFBe3dri64857Z13rZb	2026-01-20T03:48:58+08:00	2026-01-20T03:48:00+08:00
77777T2qnynHFsA63FyfY766ciBTXizavU1f5HeZXwN	2026-01-20T03:48:58+08:00	2026-01-20T03:48:00+08:00
EPzJmfopoF95ebrHMFZxqdLHC4ji365pfYeU5JaE7iNv	2026-01-20T03:48:58+08:00	2026-01-20T03:48:00+08:00
93tARbxdUuSCt5ADNeWGqYotYqQ8ZxNHQy7N61AMJ6uu	2026-01-20T03:49:02+08:00	2026-01-20T03:49:00+08:00
7z1oM95xMvhCUMiaaPoLzSWV6XqQyMgfLXJCaXgeCQBJ	2026-01-20T03:49:02+08:00	2026-01-20T03:49:00+08:00
12VM2hAxm5HMDWqXY7mZjVQ7auoADLLbtqpEtNZTvZUU	2026-01-20T03:49:02+08:00	2026-01-20T03:49:00+08:00
DGuCaNY2sagfJPQnEKpvw58grJ5ApADVF7ifo4GHmZJf	2026-01-20T03:49:02+08:00	2026-01-20T03:49:00+08:00
Fq5GShGC2NH17mKfmHnjNzmwVWEgAXwqiJsmjFiTXaX6	2026-01-20T03:49:04+08:00	2026-01-20T03:49:00+08:00
DRBcJ8dNRSu9WP5nRZEj57oQHFUjgUkC11pncu1djRUY	2026-01-20T03:49:04+08:00	2026-01-20T03:49:00+08:00
6UHtzHygaNfi9ZNAgcnGGbbRLv9L5pBeYomVvpp65VWE	2026-01-20T03:49:05+08:00	2026-01-20T03:49:00+08:00
FobXVYUPuTjKirXfvhXByRndbecHVp6VW4iogKfvjhVX	2026-01-20T03:49:08+08:00	2026-01-20T03:49:00+08:00
2EBqCTjLVoBgHHG3vNABuJdX7yQBSLY9uJSia9tnF7Z2	2026-01-20T03:49:10+08:00	2026-01-20T03:49:00+08:00
BGcaPxBq6Y2tLWcLsW8fkxg8b3RcuRBBYoCeRZG5fPMD	2026-01-20T03:49:10+08:00	2026-01-20T03:49:00+08:00
E7cVoy447CzDjZjysNJujV5jpGntxviZBahL5fXjSZWg	2026-01-20T03:49:10+08:00	2026-01-20T03:49:00+08:00
HbDGWK3azrBSgnGynnmx3L9QbfNz53pCV7X8E2MQATpx	2026-01-20T03:49:10+08:00	2026-01-20T03:49:00+08:00
HYSq1KBAvqWpEv1pCbV31muKM1za5A1WSHGdiVLUoNhb	2026-01-20T03:49:13+08:00	2026-01-20T03:49:00+08:00
2tMtxBCdF7NWZxVdmBU2DFYBapEAruJVR7KWmZYSkroi	2026-01-20T03:49:13+08:00	2026-01-20T03:49:00+08:00
FGHxiSzTtC4qi1J2seiXt2EFSYUWiE7gTpscR8fSuAnw	2026-01-20T03:49:19+08:00	2026-01-20T03:49:00+08:00
5EPTqdbtKUgvy4tUrdjYwgvvZNL8ph696CsA1ph3w3pL	2026-01-20T03:49:20+08:00	2026-01-20T03:49:00+08:00
58qWG9YQjQ5STkmMVGihZYJjFhiH5ex63aMo7xhJHdZ1	2026-01-20T03:49:20+08:00	2026-01-20T03:49:00+08:00
FSkmRPArUnFFGZuRUdZ1W7vh5Hm7KqgjDQ19UBjW2kbC	2026-01-20T03:49:20+08:00	2026-01-20T03:49:00+08:00
5yeWDDsdSzqepSawsDKfxMqPfPLJwU9xrHBqbRAfc86d	2026-01-20T03:49:20+08:00	2026-01-20T03:49:00+08:00
3Amwf8J9QDKLAArMBD6PkhC8fuWtuBJne5fDBa4VC3gZ	2026-01-20T03:49:20+08:00	2026-01-20T03:49:00+08:00
FdSCyxUWs6mdaUit7wMqsWSjcs9Yz7AvbzSnYCpCmjQZ	2026-01-20T03:49:20+08:00	2026-01-20T03:49:00+08:00
EcgofeJPhQPg2t3QJrohmxT7RDnFo2PXXHHyoscwxYsZ	2026-01-20T03:49:23+08:00	2026-01-20T03:49:00+08:00
2HPno54DGTrU2WWdT5Tdm92SzqXFvJRgUA5tJnxN2ahU	2026-01-20T03:49:23+08:00	2026-01-20T03:49:00+08:00
7QjwvP2CynjmbGdWzaftRNrEjsktE9AAgyM1stCP2QGD	2026-01-20T03:49:23+08:00	2026-01-20T03:49:00+08:00
56q3eYAussCmcHpoiDbNPMQbFPk3tNzwJXR2u8uVsz11	2026-01-20T03:49:26+08:00	2026-01-20T03:49:00+08:00
2jLf31JCL5izTHQA5q4cmH7mYKb4YZdSuGKYqr9474Q5	2026-01-20T03:49:26+08:00	2026-01-20T03:49:00+08:00
3rKgP4mx7ppPrDWK33h9JmTRiWvrFfdFmWdxTp8DQPsm	2026-01-20T03:49:26+08:00	2026-01-20T03:49:00+08:00
7rndUznKPwSSfDAKmpw7Ng43HUTkDFoAfchy7Y1QSzdQ	2026-01-20T03:49:26+08:00	2026-01-20T03:49:00+08:00
DmShHG3X5VzRT5F3mf5Cu9K9Gw2thZGP8VGcqpKqcxp1	2026-01-20T03:49:26+08:00	2026-01-20T03:49:00+08:00
HmyUUkV4CcgWNDTrab67yW4LExSNiKCTxQrXFjG8MKbk	2026-01-20T03:49:32+08:00	2026-01-20T03:49:00+08:00
8CgCE3A2tj5JRStfk3sbF17AfKwuQej8iFXDh6yRLh5w	2026-01-20T03:49:33+08:00	2026-01-20T03:49:00+08:00
F6GTuHThwjrfz6pEpKsKf4meJKgYxH2EH9Z6hbWbvErU	2026-01-20T03:49:36+08:00	2026-01-20T03:49:00+08:00
SoLGoD7bm76KDPDmqpQNCqa3KnzkyNzr7MyTEoTs7Ju	2026-01-20T03:49:38+08:00	2026-01-20T03:49:00+08:00
GH2QGK4ABq4taThc6zdbNABHmqBGzrNQNozgxvUacVUt	2026-01-20T03:49:42+08:00	2026-01-20T03:49:00+08:00
3iuGd32Fd4ciKBRwKmt8eeBFVKvRq8Aif1PVLPGxMQSs	2026-01-20T03:49:42+08:00	2026-01-20T03:49:00+08:00
2YpbqUUiF5SAi9FQMiuJwJsYjfHBU8zcczvXUtSbfJ7H	2026-01-20T03:49:47+08:00	2026-01-20T03:49:00+08:00
GTZXiw2qiw95kTztWvDRkGP6kaBUg5A8vFe1db4w2cvt	2026-01-20T03:49:47+08:00	2026-01-20T03:49:00+08:00
AcX6JhHbBKgRcTwrQ54u3mTMwx8v2Ms6B5qSCzd5r2Kk	2026-01-20T03:49:50+08:00	2026-01-20T03:49:00+08:00
3q4rTRiYbLQsVcV5aRPHZ4B6y4p5Fvpp6Vwnpg7R8MLg	2026-01-20T03:49:53+08:00	2026-01-20T03:49:00+08:00
8387X1fnpvpHqZWhBKUQjkGRmKj2ah2XqXkB1eFXE3PP	2026-01-20T03:49:53+08:00	2026-01-20T03:49:00+08:00
GvmgmxkE7ed9b74YigRuNeAS6rSnpCAUbjtK4Wc8ed4S	2026-01-20T03:49:53+08:00	2026-01-20T03:49:00+08:00
24ku6ButD3bFPPnMwyMc4XhiZzRR4dFGL8f5smoKWM8v	2026-01-20T03:49:57+08:00	2026-01-20T03:49:00+08:00
2qVWcqa97kVnjBrFu9zr5sm2DSc1i1d4VJvj5nUWM7UY	2026-01-20T03:49:57+08:00	2026-01-20T03:49:00+08:00
85N8GgTtSTfeK7KAkwwZMSDKrhkT51S8tjswgrgTLbjo	2026-01-20T03:50:00+08:00	2026-01-20T03:50:00+08:00
AsqAgNA2R8ySiWADcRQ91Cjish6cbYffZx4LBi5ibT92	2026-01-20T03:50:00+08:00	2026-01-20T03:50:00+08:00
2W1V2vM3NkuwoJE7VHeBsyDmgNRUB5GS9mzKPdULAPLn	2026-01-20T03:50:00+08:00	2026-01-20T03:50:00+08:00
Guerez4fUG9omLxLvQBC9kM9SvmN4njd2HrE3CJMbbsQ	2026-01-20T03:50:03+08:00	2026-01-20T03:50:00+08:00
5p89tQhUowc1T7dDmC8pkmac3XeuzF3PkpGaGe2BC3Q3	2026-01-20T03:50:06+08:00	2026-01-20T03:50:00+08:00
5ZEiuzQfpYUT7bxsmoR25fU9FB4J6ss7VpLDa21ZcM16	2026-01-20T03:50:06+08:00	2026-01-20T03:50:00+08:00
3kUYSWfV6RoQnJWszaUXnMiuAaztqfC5tmEGgCF9JGu8	2026-01-20T03:50:06+08:00	2026-01-20T03:50:00+08:00
CoM16cKstUQLcntB49CZQHq2fHbaD2H9dT8qDDq2c42a	2026-01-20T03:50:12+08:00	2026-01-20T03:50:00+08:00
EqUoXQBh7md3vEbXKKd4K5BjN7kp65kki9aPnKraKMPx	2026-01-20T03:50:19+08:00	2026-01-20T03:50:00+08:00
82tmbwHRUBksy27S8vNuSEcdWtLbBDgAqXtbpjYNnDYa	2026-01-20T03:50:19+08:00	2026-01-20T03:50:00+08:00
3kRCjjB1TAzkBszKrvcafp9VwimPbSdfykjvuUaXPU2r	2026-01-20T03:50:23+08:00	2026-01-20T03:50:00+08:00
4Xa9f2GmbnhYfSi4gKGRx86E3JtJr6ummRHrPkkZFFwM	2026-01-20T03:50:23+08:00	2026-01-20T03:50:00+08:00
ASV6zr3vCtr3i7MG3e4mPHSow8rh5tvxKaxn5dr1DM5A	2026-01-20T03:50:26+08:00	2026-01-20T03:50:00+08:00
8EoA2bLDsJKwNf5cmFhUWbbXc1CynASCx6zyNGq3aDgx	2026-01-20T03:50:26+08:00	2026-01-20T03:50:00+08:00
7BQs9mSHXwRqT9x9b87JrevShsMnSBKCpQHiT3TUA4ya	2026-01-20T03:50:26+08:00	2026-01-20T03:50:00+08:00
GV2wkpRiEDPWLFXoLLXad6jWXaTbkS1qFdM5TCEqVeXi	2026-01-20T03:50:26+08:00	2026-01-20T03:50:00+08:00
4SnJcJ7Tfhyteg3vmSoWjUeQRsXbQCE5F9Ha93aBNHor	2026-01-20T03:50:29+08:00	2026-01-20T03:50:00+08:00
FRUR4aMn6GdksgeXaqpcX3Prv8EnGm9TkWqqqPaAn4o7	2026-01-20T03:50:33+08:00	2026-01-20T03:50:00+08:00
AKuiMC9htsbCFmamiYoqv99ZZyrGQtqabcXv2kGBYvuJ	2026-01-20T03:50:36+08:00	2026-01-20T03:50:00+08:00
EyyM9tTCALvWe4t8uxcktiadEwq4D6iQdNW2c32s4VDD	2026-01-20T03:50:38+08:00	2026-01-20T03:50:00+08:00
CgSfFbSS96R5RZUwPpJjRxdwTyjVs9TeU3dz4ieXwT6	2026-01-20T03:50:38+08:00	2026-01-20T03:50:00+08:00
HDSjnd39qP71LuSHL8Z8iZhx7tuThXAhkKPR7269Ucem	2026-01-20T03:50:42+08:00	2026-01-20T03:50:00+08:00
xAJL9ipmCEVwrfQexYc5G4vuXYmx15gt54RpifX7Dwc	2026-01-20T03:50:42+08:00	2026-01-20T03:50:00+08:00
BjGGfy3jGfJTzFZAaEidshLVr22Ja7PmosndHPG5538S	2026-01-20T03:50:45+08:00	2026-01-20T03:50:00+08:00
GJtxW7eTpbt4oC26ZGjRFPUNzied2Tz8KW2HMcjfRWjh	2026-01-20T03:50:45+08:00	2026-01-20T03:50:00+08:00
4Hp3anbFQRq2Jykb1uwXVTBVtnsAiGMX6X5Zc9K4B5qm	2026-01-20T03:50:49+08:00	2026-01-20T03:50:00+08:00
Dr2Y6DMUobg4SXPxccqYWBfBwCxCGo8KvXUdSVVJ5N2P	2026-01-20T03:50:53+08:00	2026-01-20T03:50:00+08:00
DuRCrUmQf6TVgAUDnyTjkVCL6Q9WRVAzV73K4S3LQiRi	2026-01-20T03:51:01+08:00	2026-01-20T03:51:00+08:00
6C9sL5RP8bTUje8SJrfCc3vUt8g2N5LYXQB2jywmQ5Bg	2026-01-20T03:51:04+08:00	2026-01-20T03:51:00+08:00
4dfBEwzJ3jKwb9vQMN2gihVZUnNFKZFMe1oYVq1iSBz6	2026-01-20T03:51:05+08:00	2026-01-20T03:51:00+08:00
FVe3pSbesdgkKoeWcC9tv8kR2Ekqdv442TU3X24QWMCc	2026-01-20T03:51:11+08:00	2026-01-20T03:51:00+08:00
D7LogSXaKvN5or4nowqRtx36yh54KM3AanmZSsrBaZXV	2026-01-20T03:51:16+08:00	2026-01-20T03:51:00+08:00
CJhf7uawjdHmxb3nrpLBcUcDzgiy1TWWiBbXtEjyjtRQ	2026-01-20T03:51:22+08:00	2026-01-20T03:51:00+08:00
5tQCaNoBBxANUYftiN4X8bNYsK9YaCaDiZvXohQ4d6ep	2026-01-20T03:51:26+08:00	2026-01-20T03:51:00+08:00
E7T6oyDycE2ZJ6sYA5MAVgitnzbt2LBJhMQCfmijhDEd	2026-01-20T03:51:30+08:00	2026-01-20T03:51:00+08:00
DkwwziMRAKifjKyhkCHhjAANsPygvGUMEkSC3p8DpbXr	2026-01-20T03:51:30+08:00	2026-01-20T03:51:00+08:00
57aKPUexhNAXt7shZLnp1No2oT91SB1xnpH9d8ECF3BN	2026-01-20T03:51:33+08:00	2026-01-20T03:51:00+08:00
953wznEUiMh7tbK5NR8wW2e16UYnu6A5acp1TbHstGvD	2026-01-20T03:51:36+08:00	2026-01-20T03:51:00+08:00
ANMiJZJmMgcH6Fb3MipPSckvZYjSxmmdczEphMEkNheC	2026-01-20T03:51:38+08:00	2026-01-20T03:51:00+08:00
3PUU9SVwf6AowzmBzneTeZBnnoyLA5KfbKFqdtsXkZaX	2026-01-20T03:51:39+08:00	2026-01-20T03:51:00+08:00
8f5sgwpArbfBN8j8ob3H6bLoTf7XU3ssXYUSiBTqsVaz	2026-01-20T03:51:53+08:00	2026-01-20T03:51:00+08:00
JBdSqn9hnWDxtP5b1PnKBpHk48gmKBeVnfgM7PCfyAko	2026-01-20T03:51:53+08:00	2026-01-20T03:51:00+08:00
5uhVvJnHBfC6agqczjiFLGBEWvjUPLBsSDQtmAjsUMff	2026-01-20T03:51:53+08:00	2026-01-20T03:51:00+08:00
2DnvwwWpqwifa6VPefSzAPXx46hktmCrF1JxW8Ge7b94	2026-01-20T03:51:53+08:00	2026-01-20T03:51:00+08:00
Dwko8VL2sd5EHDJzArCtUUS6gmTnjd1zhoQMVpnPxBL	2026-01-20T03:51:57+08:00	2026-01-20T03:51:00+08:00
9qdiDGhXrGqPN4CTGvyKwFKHrgJSGn836cjkVcGfPd6N	2026-01-20T03:51:57+08:00	2026-01-20T03:51:00+08:00
124TaE3EdioGPvmK3VyQT4bGaaPKHps4PnTs72hNnK4b	2026-01-20T03:52:00+08:00	2026-01-20T03:52:00+08:00
6B1gyeBSdMXsT9izWVdoE6n4T1BSCvDety65HAXTntAe	2026-01-20T03:52:04+08:00	2026-01-20T03:52:00+08:00
6rpZ5uQA6dUk1GNTMVNqo9KW81f8M5fdtx9wxrXm5qPn	2026-01-20T03:52:20+08:00	2026-01-20T03:52:00+08:00
kmsoPDbUDzRgPNstYLqDCN81T6jgR7pMvbRYnVsBkms	2026-01-20T03:52:26+08:00	2026-01-20T03:52:00+08:00
vaubhgXy2WV7UEhvdZ3TfLWnZ7YkkjW4z25XignK485	2026-01-20T03:52:26+08:00	2026-01-20T03:52:00+08:00
kysquhUXRs5oiptDYiigBLSzHWHgNkth836miWwmkys	2026-01-20T03:52:26+08:00	2026-01-20T03:52:00+08:00
8r7m3UB3SvzS1y2PtHGsDaHQGV9AXo6WxK2WXCFFbQnS	2026-01-20T03:52:29+08:00	2026-01-20T03:52:00+08:00
AYEGfoJJUNrzFzRMMxC8QtpiwmWU8VWmUsF5hjh869JU	2026-01-20T03:52:32+08:00	2026-01-20T03:52:00+08:00
7qknWEvA1sPmidb9d2UdJ4gG2iWhu5bi1jfzDP9gvSKg	2026-01-20T03:52:32+08:00	2026-01-20T03:52:00+08:00
AkjMc5JopoVgu1F21EB6W66dVmvmbGFZjuazyoLNTBi3	2026-01-20T03:52:36+08:00	2026-01-20T03:52:00+08:00
CRDiVGL3fg5RaEUZihc5CzwpYUhstxy6rJrLHyZHkxph	2026-01-20T03:52:37+08:00	2026-01-20T03:52:00+08:00
Au7Rt4Zoe6fmKDnbPvAfWm1Mc8V67CrReSiXG4tc2yCU	2026-01-20T03:52:41+08:00	2026-01-20T03:52:00+08:00
57P5r9Q3dDNdTfTEu1dXerb7SMmvCGEb3RQUqDP9JAQE	2026-01-20T03:52:41+08:00	2026-01-20T03:52:00+08:00
BqL7h5YPurdrsKLMfTfhQsaTe5UE8i4eMZcD51dutNwM	2026-01-20T03:52:46+08:00	2026-01-20T03:52:00+08:00
9WjtNEKZa9Miqh4VBjgDxJ6pAo4nwjb7n1dCrUc1VmEU	2026-01-20T03:52:47+08:00	2026-01-20T03:52:00+08:00
37k9gd6sAL9cSAaTqMqNHR7CefG1WkM88iG15YRThBqE	2026-01-20T03:52:47+08:00	2026-01-20T03:52:00+08:00
935xpHL4GyksBhDAh4M8mbWWcGfGWi1Txsr88b7jxFji	2026-01-20T03:52:53+08:00	2026-01-20T03:52:00+08:00
EenNeBN7j2wFgN3c9GryRyY4xkqsv1JwPXvPaSX2YZWX	2026-01-20T03:52:59+08:00	2026-01-20T03:52:00+08:00
3T8BfPYQhH5NoAHmdvnxdrxwrPd8Auz4tpt8eunvHN7P	2026-01-20T03:53:02+08:00	2026-01-20T03:53:00+08:00
ES3Yef58gqrqTvsX2EnaqytjKNqBFrPSxZY3qf9oTyPn	2026-01-20T03:53:02+08:00	2026-01-20T03:53:00+08:00
FTDpcCSaEd7E8Y9t3QK86RHTviPHpavTs8DrmvgYHfzE	2026-01-20T03:53:05+08:00	2026-01-20T03:53:00+08:00
6ceDLU8Z9buFWm9S6qjaKBGidwM43cC15JYEc6B26ZTd	2026-01-20T03:53:05+08:00	2026-01-20T03:53:00+08:00
3yKxbYZYwkjZBprJNtJYyZE7G9NDFWBiZzAHZ4Apivbj	2026-01-20T03:53:09+08:00	2026-01-20T03:53:00+08:00
J9KRfDYVpQ8wju4Xzcw5FzW1FUbLe3Y4ug7kxK9CreYs	2026-01-20T03:53:12+08:00	2026-01-20T03:53:00+08:00
BgJrk3AJEWf41WxThAvDCkZmxuxbt3Q4aZc1P2rrHtZV	2026-01-20T03:53:15+08:00	2026-01-20T03:53:00+08:00
9Xhcyxmf3RYQykR11UGnnrtz3MGUL8zns3rywTL8fygn	2026-01-20T03:53:16+08:00	2026-01-20T03:53:00+08:00
2LPDKnbggTcvf3ZVq2eMzKhxr8DiQqRT4Zmq2KXA6886	2026-01-20T03:53:28+08:00	2026-01-20T03:53:00+08:00
CLDQ2aPTpYULUbb3Nb3RqMV5Nus3zzkMBR3wMvvHh3aM	2026-01-20T03:53:38+08:00	2026-01-20T03:53:00+08:00
GNoYNXQ66dnTqcR39nKi2QJSizjxvHHAy9GSbNszQuuq	2026-01-20T03:53:41+08:00	2026-01-20T03:53:00+08:00
GUFZTBNUhFm9FezjDZnQgZ4TF1z3KQdGvPyTR97ffvek	2026-01-20T03:53:41+08:00	2026-01-20T03:53:00+08:00
8v7CtjrSLrertFzVj5d7Zit1Zwd9ejF5CCCTf6QLdvAW	2026-01-20T03:53:48+08:00	2026-01-20T03:53:00+08:00
3qxNigm7zxc3C3oYPYNpxu9KvfptamLrYS3z7e994yxz	2026-01-20T03:53:53+08:00	2026-01-20T03:53:00+08:00
9QbR7tSmiZKoZ5ZQU28E9zPUqkB8SfJ3QuLYmKojevkd	2026-01-20T03:53:57+08:00	2026-01-20T03:53:00+08:00
H3ZyZYTrAeKa8n99axhLvxiPAVzTvK4dMW6PtJdyB4mW	2026-01-20T03:54:03+08:00	2026-01-20T03:54:00+08:00
7f2m1YnC6E45pbCFspURXPkeud5zw5xcbAxUtrYNeaWA	2026-01-20T03:54:03+08:00	2026-01-20T03:54:00+08:00
9iZ8ZXe3CFnzseHvMpu3kMv1AcHfttuSycti3gDtwK9F	2026-01-20T03:54:03+08:00	2026-01-20T03:54:00+08:00
F5hHv7Wdab52PcLKMXAvz8bTGtxbceXUE27sX4FGHdDK	2026-01-20T03:54:03+08:00	2026-01-20T03:54:00+08:00
AdzSiuCQ75A4fHWXLkd1GxVczf5NZtnXQ2PwBTfoFqHe	2026-01-20T03:54:06+08:00	2026-01-20T03:54:00+08:00
6aKGX1yWKxHksdzEjjKZ5zoftN63ysCGqBPwstTb7VoA	2026-01-20T03:54:11+08:00	2026-01-20T03:54:00+08:00
6YbxXv319fwqp4Ws5P1uTt7uj483hDFfubjN9idNtzQ1	2026-01-20T03:54:12+08:00	2026-01-20T03:54:00+08:00
FudjEYX1oBffuWRgQua6ATJ67yED8zpzdj6GDHMeNbyc	2026-01-20T03:54:30+08:00	2026-01-20T03:54:00+08:00
HY6kYRWzoLHBYJGVeA6HDqyxRwY1EdVqL1Ta9egc27Cp	2026-01-20T03:54:36+08:00	2026-01-20T03:54:00+08:00
ES2Zox1pVvmBgWXW1h13QRbDE8JdTvRuMMFGDNujrRhH	2026-01-20T03:54:48+08:00	2026-01-20T03:54:00+08:00
EZgcbvjjySHSDyejYA4vW81soHdA7buifw917QjK3qQL	2026-01-20T03:54:48+08:00	2026-01-20T03:54:00+08:00
AEHkLm4Lvt6FxHCWz4fECyjZ1u6y2n9XuHhE5JX6yXR7	2026-01-20T03:54:54+08:00	2026-01-20T03:54:00+08:00
82LTgbSsCQkg5ptVWg6oE4w8BintzgRYwdKSvm2jrK9V	2026-01-20T03:55:01+08:00	2026-01-20T03:55:00+08:00
DStFjnxBuhaMzV87PhrL63Lt5aDfxEUd9RFkD9SAwL4	2026-01-20T03:55:07+08:00	2026-01-20T03:55:00+08:00
D9vaVdopHsBgTjL56BdVFfcr4GHQ2YnRV61VQpig2Ert	2026-01-20T03:55:13+08:00	2026-01-20T03:55:00+08:00
FdNmxr7j6snywepzgm8GasL5gALSop7RQ8SSZ1w9GHHd	2026-01-20T03:55:17+08:00	2026-01-20T03:55:00+08:00
Hzn1xsCjbuptbtxC6TataVqGAk782W1kdU1H7dFgHZjv	2026-01-20T03:55:17+08:00	2026-01-20T03:55:00+08:00
41gNrJtjnhzKhxFU7tNrDe5M1CgVKp6PtmDp6R6ezUGJ	2026-01-20T03:55:30+08:00	2026-01-20T03:55:00+08:00
G8wk8z8GxHgYPWY5mvkTCxFeJUbCfYs7qURsjGns6zwU	2026-01-20T03:55:34+08:00	2026-01-20T03:55:00+08:00
J5JagpzQ8weadTYxHVY495Ye7SS43kdGADiHfwoYbYZs	2026-01-20T03:55:41+08:00	2026-01-20T03:55:00+08:00
64b2q1SCrry4SgPs5mtc2echdKW9iCoaLcd8KMqoVtFC	2026-01-20T03:55:43+08:00	2026-01-20T03:55:00+08:00
6yzj2M9AjLcqS8JyPZH2UrNWNX7QGbeu1JEhYsUFcaY6	2026-01-20T03:55:46+08:00	2026-01-20T03:55:00+08:00
BLfktKnmgwD4GWpaeY5S8vuvDQ7TegbqVVmHatZrPNKd	2026-01-20T03:55:53+08:00	2026-01-20T03:55:00+08:00
E3hVqyxDDq63oPCHgHWK1dcuBaK74PoonmgwHMrVNtE6	2026-01-20T03:55:56+08:00	2026-01-20T03:55:00+08:00
DyheF3XbdvuGpP2ue8WgQYUJ6tKyV8ZjK4889Z3F5vkf	2026-01-20T03:56:02+08:00	2026-01-20T03:56:00+08:00
5HzrcUf2e6mLDzYP9A697h6u6c2ERK8GABZuUYTF3AYx	2026-01-20T03:56:05+08:00	2026-01-20T03:56:00+08:00
AjsSFuqr6H1hC6Wy3Q8kqdB1aBb9ygFkKbouSWKDSQff	2026-01-20T03:56:21+08:00	2026-01-20T03:56:00+08:00
DEEspzVdnXmTRbz3xgqTxhT9eHDD2pJuPbsJL2PN8Tpo	2026-01-20T03:56:26+08:00	2026-01-20T03:56:00+08:00
7ZCkLz4TdPWnCqiQsVeD8J6QCz2HQSmiDjYng4QyW8cz	2026-01-20T03:56:27+08:00	2026-01-20T03:56:00+08:00
3FYsw3ZFyX7BBQgFbpG58RDsUQXFVF8Tp1gJftDyjz1W	2026-01-20T03:56:27+08:00	2026-01-20T03:56:00+08:00
EvpfiMuRev7wBNXJd4UdtN51TT8VCvrfQVYp6pBBmEZz	2026-01-20T03:56:27+08:00	2026-01-20T03:56:00+08:00
6ieiJQrgC6Suxi7YHgsXQhJhsJLp2VMsMLLCU1JXYJ75	2026-01-20T03:56:34+08:00	2026-01-20T03:56:00+08:00
FireuLYd4yjJBhXQyBs3Mq6ZpNEjyHPNPG2eqhTP9RHV	2026-01-20T03:56:39+08:00	2026-01-20T03:56:00+08:00
CHvTbpSdN3kevLYPWpKRYZVQLZevWMdNmE2c6kMS6qiX	2026-01-20T03:56:42+08:00	2026-01-20T03:56:00+08:00
ECtUnTW1k4CW7KM2DuAQJgXu4gLAFw6ZQXvsLu1Mv4oQ	2026-01-20T03:56:45+08:00	2026-01-20T03:56:00+08:00
97wAA6PAnKdGQWpLSgZRLMyDofZ2PLSUMf68YUmB1VVi	2026-01-20T03:56:48+08:00	2026-01-20T03:56:00+08:00
4AzgC1cKQkqzCcN1ou8CGVtC4X5pgjR1f3V5FqaBeott	2026-01-20T03:56:48+08:00	2026-01-20T03:56:00+08:00
As9ciBTH8zZqxr1iZ5cdPgyXYRSprzS2rN6HTRrpvwFa	2026-01-20T03:56:51+08:00	2026-01-20T03:56:00+08:00
5BymzLEUSqKBfNKBScNDeKP6nsqVUC8CJqATMkUpiahg	2026-01-20T03:56:57+08:00	2026-01-20T03:56:00+08:00
89kABoxownVGuCPyL5VukNxEr5jKf9r3cBiVPqhwByQS	2026-01-20T03:56:57+08:00	2026-01-20T03:56:00+08:00
DzXV7bCh5sCWAfBXc1tEhEJrZKAjP1B9A3vAuYGWBAdy	2026-01-20T03:56:57+08:00	2026-01-20T03:56:00+08:00
D5ZpKAndaqfYrNn9qus67NTxXTDubRGHax5yfHUe7htX	2026-01-20T03:56:59+08:00	2026-01-20T03:56:00+08:00
DdaMJshtkcMFkheTfLAgUmpMKG3yEzRUa3PYrU8jbAGV	2026-01-20T03:57:09+08:00	2026-01-20T03:57:00+08:00
5kTMRBxmE9TmBjwehaZt1eF3wqx8Qv2GNyjKfdajqtBN	2026-01-20T03:57:16+08:00	2026-01-20T03:57:00+08:00
79qUkAneGQbU7wtr87DxPtMGh7ySFhVN1Vqcy7JjDwtF	2026-01-20T03:57:16+08:00	2026-01-20T03:57:00+08:00
FabJmwpGirzLJqXmkwGK59UYupnBMbjHJuqF9ejTmQmJ	2026-01-20T03:57:16+08:00	2026-01-20T03:57:00+08:00
9EbVqf6zng7hyNNrBZ9Md94kGWfknzCWnLxbDXNoPddA	2026-01-20T03:57:19+08:00	2026-01-20T03:57:00+08:00
5Yeb68kTvdEAPtBrm4QNw76u8n4c7wStkwniH92kBApS	2026-01-20T03:57:36+08:00	2026-01-20T03:57:00+08:00
CNVsmmZovcPGZqHPwQaxJECETbx78aC2ND7m8sRnYrep	2026-01-20T03:57:37+08:00	2026-01-20T03:57:00+08:00
F4pkfnHoibGaSG3paNVTcd3NEwhqExJVH3SCKAJVA8z4	2026-01-20T03:57:41+08:00	2026-01-20T03:57:00+08:00
6sRfwDaBaxpFfjDAp8pavoH56F9LWHPWWEfoD9U27fzV	2026-01-20T03:57:48+08:00	2026-01-20T03:57:00+08:00
GNy7dsCKNdVxw43v6ghzzSLbtgVhoVGguCXbszR2Wb9u	2026-01-20T03:57:51+08:00	2026-01-20T03:57:00+08:00
GsNyMRhRSJDupwTGDKCgzaK4tL5qdSVwwcPNqwrSXGDd	2026-01-20T03:58:00+08:00	2026-01-20T03:58:00+08:00
4qCzARiHjDzoAhaoPH7PZJTDfvPsDnXXytsrUNk5xSDt	2026-01-20T03:58:09+08:00	2026-01-20T03:58:00+08:00
HVMUqpnyTp4SJWtjScoqgARh5UrQuVzu6CHrV5Fg3n6d	2026-01-20T03:58:16+08:00	2026-01-20T03:58:00+08:00
cp35anSVG6x746mV8wSfvxg73yjyNfPMovT86H18Dut	2026-01-20T03:58:19+08:00	2026-01-20T03:58:00+08:00
Ec78HChXgYYygR1sw8buNmoqHyP6SeGCJWN7sQpu3Cur	2026-01-20T03:58:19+08:00	2026-01-20T03:58:00+08:00
E8RMSXpb2Lkm6z7FsiEwCQaACMX9akhgmLP7riQsqy32	2026-01-20T03:58:22+08:00	2026-01-20T03:58:00+08:00
H51S37ezFHGV8QBTagTgaBpW2ytPoebiWhVuiYD9PGBL	2026-01-20T03:58:25+08:00	2026-01-20T03:58:00+08:00
4i93CU9qasXdC65SbuT1ASCpu8AgRaLujpj9BtokoF5a	2026-01-20T03:58:38+08:00	2026-01-20T03:58:00+08:00
FqDbJtKUqNXJyYrngAhNoM7AuFYwmgVcRuH3RxkYUiRY	2026-01-20T03:58:39+08:00	2026-01-20T03:58:00+08:00
7zD4hejjyZqi9ZAjv5zpiQh4Dpm5CRLjMTJsHZ2SEy8v	2026-01-20T03:58:42+08:00	2026-01-20T03:58:00+08:00
5wbbwRpXkpktwCzTumAv8Hbg9DVbL6txWkivbsH54Yni	2026-01-20T03:58:45+08:00	2026-01-20T03:58:00+08:00
9N6RrXWSdqKtVjmaq71otHcr7g7vXr3Af3o4PfRK8Wuz	2026-01-20T03:58:45+08:00	2026-01-20T03:58:00+08:00
6CwEKRdw4y2EY3HCdRqNSixzEyzoBvQqf9zRVHvMGM6C	2026-01-20T03:58:51+08:00	2026-01-20T03:58:00+08:00
FUdUdg4wK4bfCr6GY7sBzBYCvZkEKu2uvYKHHY9akRy6	2026-01-20T03:58:51+08:00	2026-01-20T03:58:00+08:00
4d23swZvKaEd7P4hCxVM2TH9g6kUcPaSTwN5aS4MgFya	2026-01-20T03:58:51+08:00	2026-01-20T03:58:00+08:00
FzoyaY8pDgNeiSAyfVwqX2jhZKUT3v5z6M5JbcAEiyjD	2026-01-20T03:58:51+08:00	2026-01-20T03:58:00+08:00
4TVCTjWJdmb9j6vQXSWGse3aB1SepHJi8EMfVFeGkqx9	2026-01-20T03:58:54+08:00	2026-01-20T03:58:00+08:00
avJzKRmFYpmqwYAHndHJTCwp9a8SgLPELdRBLdNkFXv	2026-01-20T03:59:00+08:00	2026-01-20T03:59:00+08:00
B6Vz1vXmSQPfhceXBG33bFHCtPnyQRE2Fzns8CBXdHLZ	2026-01-20T03:59:00+08:00	2026-01-20T03:59:00+08:00
3akdB8iYrzBF8YUWbB5xxoDZk7K7n45Yp1uQYXewNSKh	2026-01-20T03:59:08+08:00	2026-01-20T03:59:00+08:00
CSB2ocQpBpVVu3DDNJfad2NrYWHirJvkm1SFLpA3oXPx	2026-01-20T03:59:11+08:00	2026-01-20T03:59:00+08:00
Fs3y1aa16g8biRrBGB51BptYQXLCGdtARCsVMGeiaCwe	2026-01-20T03:59:11+08:00	2026-01-20T03:59:00+08:00
32ggSBSUjyoDBCZHikdoqj1yEFw4bLHeEqnqahayBAe4	2026-01-20T03:59:19+08:00	2026-01-20T03:59:00+08:00
5eCfTXJjehdufFpS4LNP167zbxGC8DaY45GbdLgRvjWb	2026-01-20T03:59:19+08:00	2026-01-20T03:59:00+08:00
AtkhJ3tCa2D84HSq1CGa8BdK58kVjVtfUHZjCAF5W8iQ	2026-01-20T03:59:25+08:00	2026-01-20T03:59:00+08:00
9xcpKZhs5JgFuPLQhCngKv2GLS9Z7sjkrYVs7WPQMAw7	2026-01-20T03:59:28+08:00	2026-01-20T03:59:00+08:00
5Q3jGn1pLzkXmLuSLVdzbDraxZwsc5V4S7u2y1jqUcwd	2026-01-20T03:59:35+08:00	2026-01-20T03:59:00+08:00
DLaYaPL7vzwZ7johGYUr3skJfZ7LZ78xCXiDr6NyRyP8	2026-01-20T03:59:35+08:00	2026-01-20T03:59:00+08:00
3cbPYYKZCYHPsESbPvEzAnR7aXbwtoDvgyYebZBQfP3C	2026-01-20T03:59:35+08:00	2026-01-20T03:59:00+08:00
D8oCm1P9UgpWtkHsuyExy92m326UEbraCJ5saSMH6MWn	2026-01-20T03:59:36+08:00	2026-01-20T03:59:00+08:00
5FYrhjnGnG9PsRJzdDzpEEJ1AxYk6SRtzLgMfxfC3noi	2026-01-20T03:59:42+08:00	2026-01-20T03:59:00+08:00
D3eBro9BgVqMG85skTyLAvBgYNDkzqQmvU6okxrvJJYv	2026-01-20T03:59:42+08:00	2026-01-20T03:59:00+08:00
2wHDkDQKpQqYqeizftttuyZcu7woNYHvTxT8kxjMnC4w	2026-01-20T03:59:46+08:00	2026-01-20T03:59:00+08:00
3vi1QzXG13mqQSUgGF5YKBaVu98XmRKXirDLg8HvoHdM	2026-01-20T03:59:46+08:00	2026-01-20T03:59:00+08:00
5khDz85oXHEobnXL1LCVWiJrjUtDYLhFftEwDNEPgaH9	2026-01-20T03:59:49+08:00	2026-01-20T03:59:00+08:00
6KXzuqSn416nreVYTFYoP3HytbZjyLfD1MVJ8gw3EmLR	2026-01-20T03:59:52+08:00	2026-01-20T03:59:00+08:00
C91xSaBAkCkE7EhineAyzPPp3PT1abc4wPeyYmibpjZQ	2026-01-20T03:59:53+08:00	2026-01-20T03:59:00+08:00
4LeQ2gYL7rv4GBhAJu2kwetbQjbZ3cHPsEwJYwE3CGE4	2026-01-20T03:59:55+08:00	2026-01-20T03:59:00+08:00
6o7rVvCJ5h62uM4yA9bc4oE3qgxHmWLqgVCVgWyixFrn	2026-01-20T04:00:03+08:00	2026-01-20T04:00:00+08:00
Gg5NUKNzLsu9Tyii7NBpACfXwoQN7dVJiqNJEPpQvZn8	2026-01-20T04:00:16+08:00	2026-01-20T04:00:00+08:00
79J3RGdaDCJ8QZmfdWZM1kLdCqw3xJdwyVj1kYzkar1j	2026-01-20T04:00:16+08:00	2026-01-20T04:00:00+08:00
Gztvq1PaGBbKQ14UyaaT9U83NtUbnWd3Sn4sVFRvTdFr	2026-01-20T04:00:20+08:00	2026-01-20T04:00:00+08:00
GZWALD6p57UHK4DhdNPgUhDx2WZwkv8TFHztChk2Lbpy	2026-01-20T04:00:27+08:00	2026-01-20T04:00:00+08:00
6p3QYy2ANpHWiaoWm7rwzgqsAJg84djD3Vg6QVP7htpm	2026-01-20T04:00:27+08:00	2026-01-20T04:00:00+08:00
52mSePvyJJqU4PmAHxRbcZUsyhpWhzcovUaByTcjKnKf	2026-01-20T04:00:34+08:00	2026-01-20T04:00:00+08:00
FXRyp2mMZ3uL5zaWfA4wZ1FGrMFjdQjJDJZz7LuFY7iq	2026-01-20T04:00:37+08:00	2026-01-20T04:00:00+08:00
BLqhVtkzXJxV7a7WmQhHJGRQKDB3ruvAcQf61ybbFuey	2026-01-20T04:00:40+08:00	2026-01-20T04:00:00+08:00
CePv6cgp2gv2MstpnnZ6tNTBCi7sW2okf34WNDKJ2eGz	2026-01-20T04:00:43+08:00	2026-01-20T04:00:00+08:00
8aAcdYnw6ryVhzDf44HVdxvuNDD4dSNFPwcK5DxqojDf	2026-01-20T04:00:43+08:00	2026-01-20T04:00:00+08:00
FkXPK2pZrCAUqomqzZHNPZrfin9QeBuciuKytAfvtSzm	2026-01-20T04:00:43+08:00	2026-01-20T04:00:00+08:00
Ff16g3qsyfBHG27zR8qsh1bSJfJR3kjgH3ezkidfMTgH	2026-01-20T04:00:43+08:00	2026-01-20T04:00:00+08:00
HuED3nAHedV6dJjRLVb7uR56GGsmC73VZZd69XJHabzf	2026-01-20T04:00:46+08:00	2026-01-20T04:00:00+08:00
3j5z5ERnjuKfiXy7L3c8555G7ron8nUZst1ChgBGrP4s	2026-01-20T04:00:46+08:00	2026-01-20T04:00:00+08:00
ECc56uTEFLFaeDjRVyVp6fsFjhpmhcThKaDkENzuASex	2026-01-20T04:00:49+08:00	2026-01-20T04:00:00+08:00
CywtY7GwPHbQKndQWyZpw3FbvGCu9yt4wfCmMvYDGSTc	2026-01-20T04:00:52+08:00	2026-01-20T04:00:00+08:00
J8giSaEMoqZhvkfP8uanaSewSU2RmLnjj2iX4Sg3jT8L	2026-01-20T04:00:56+08:00	2026-01-20T04:00:00+08:00
FMuKoqx9dFeFjochbxpjJ5VJfEfyRGC7LK4ALmjNWDNP	2026-01-20T04:00:59+08:00	2026-01-20T04:00:00+08:00
6K4QsoRk8VX1TXMN82qz9FXGHWQxkfWUX5G66JPuaMh2	2026-01-20T04:01:00+08:00	2026-01-20T04:01:00+08:00
DUZAyV2g81uauJSBbfVLVGyxo6dapUmttEYY3KaEwVrr	2026-01-20T04:01:03+08:00	2026-01-20T04:01:00+08:00
irdRkqxqC8paLuZQ3E7wryGGoVdafThWH1sNyXkC2vC	2026-01-20T04:01:03+08:00	2026-01-20T04:01:00+08:00
FdNB8cWcZS8xuemw76LRmcjAj6aszK4Ni6LU4w3VwbP3	2026-01-20T04:01:13+08:00	2026-01-20T04:01:00+08:00
EwsowywRfWbF7vWJo6V5a9VpRSPBTfg3kobA29Bgzw6a	2026-01-20T04:01:17+08:00	2026-01-20T04:01:00+08:00
CnvqcXMqZb16gBN3Sne59j2BpaNKByDw8c9FHLVAmzmS	2026-01-20T04:01:17+08:00	2026-01-20T04:01:00+08:00
9qDJ7F6V797j1cUPgMCwX7Bs6mD5Aam9ebpvbqDT2cBK	2026-01-20T04:01:17+08:00	2026-01-20T04:01:00+08:00
5o1WjuKazoa2JTs7CJySzJStFXJpTX4uN2Nht5yhrF3f	2026-01-20T04:01:20+08:00	2026-01-20T04:01:00+08:00
2eRA6rUeGSi1z76WaFFz6upBRNwAybB5wE9p1r9pAP95	2026-01-20T04:01:20+08:00	2026-01-20T04:01:00+08:00
CpxXAmMQxZU7kMST33Rsm4ct3jZkm9MkyjbYprSLkw9F	2026-01-20T04:01:28+08:00	2026-01-20T04:01:00+08:00
CYkFyREv5ihGtShpRRaXFLLuiPhkHwCc4HnzpxoGhUBA	2026-01-20T04:01:32+08:00	2026-01-20T04:01:00+08:00
2oefasHKLpFYXCJCnd4U6udexNbbWXfFbxuUYRxJDnmS	2026-01-20T04:01:32+08:00	2026-01-20T04:01:00+08:00
EeQrPHYwUf3kfAZm2yo85xQJPLFhLPJypHBdokQLUay7	2026-01-20T04:01:38+08:00	2026-01-20T04:01:00+08:00
7Rt23GoR2nG9HopvKUc3XLAMRxsvfmr1SN27SvumtuLh	2026-01-20T04:01:38+08:00	2026-01-20T04:01:00+08:00
61DMmWYrBq6HSU9sSKEt8PkCokSYwVd2Nw8Xx7DY3PMv	2026-01-20T04:01:48+08:00	2026-01-20T04:01:00+08:00
2H2BsuwUa7fdq7kbKhBVAhqRTeJnSx2FJ6fs8VDwTAhK	2026-01-20T04:01:48+08:00	2026-01-20T04:01:00+08:00
8jJReLMgKQ6oxfBE6Yg9UPpvpsRr9ckHf6KedZcNYSem	2026-01-20T04:01:48+08:00	2026-01-20T04:01:00+08:00
8YmWAWCCgnfFdJmgkbqhgQy41hyNLUdWGRAQiHQKTTy2	2026-01-20T04:01:51+08:00	2026-01-20T04:01:00+08:00
78FQcgPxTfJL1oFj7eh7Kbn7F864qtNLDPSvNcGmDaB2	2026-01-20T04:01:51+08:00	2026-01-20T04:01:00+08:00
GtFnJhdUhGoPN4tH3igqa1Qgdfai8DhN9cLjMw66zjS9	2026-01-20T04:01:51+08:00	2026-01-20T04:01:00+08:00
Cwya7SvxtrDBv6BEaV445dTsAsHMKZKRUUS5p7JyG2yS	2026-01-20T04:01:55+08:00	2026-01-20T04:01:00+08:00
AXmnRBrNtYYyyo82cLBBhnWJ7o1iqNLZbuEVpDB3V666	2026-01-20T04:01:57+08:00	2026-01-20T04:01:00+08:00
5Dfe3a8my9fMUxCo6pyCg3eYxVa1PZLuyadCSDZYGBVd	2026-01-20T04:01:57+08:00	2026-01-20T04:01:00+08:00
2DpgQ5V12QR8biDedZEaTzUFxVYGUL3tbUh3qXTRjKzK	2026-01-20T04:01:57+08:00	2026-01-20T04:01:00+08:00
8raoXuarjgqFdrKxapL4aku56zrmhuZ7rA5ZP6oRbiaS	2026-01-20T04:02:02+08:00	2026-01-20T04:02:00+08:00
B5SF68PZTtDyM4rbwe3KkfFyfDkngYppvDo1hJx3iNz4	2026-01-20T04:02:05+08:00	2026-01-20T04:02:00+08:00
4gDtNqrSUSVsftQyQnaDi8tqF5HNRpxaTMq8JpYXJiVu	2026-01-20T04:02:05+08:00	2026-01-20T04:02:00+08:00
J4XH1chYb4urG1FWx4pid4XqdAMJPvX3wHxib8RsFyW8	2026-01-20T04:02:05+08:00	2026-01-20T04:02:00+08:00
8KZFRv43LcayN7dgPCixnRuwNKmuCJ6jgmRv9g7Dc4QG	2026-01-20T04:02:05+08:00	2026-01-20T04:02:00+08:00
JCRcR9uvMxR2DbRBRfY9q7EJW3Mupoy4RvuHEzqXz8K	2026-01-20T04:02:06+08:00	2026-01-20T04:02:00+08:00
CGmh8MoGutAf5iuV2RjssL1Xjy9wqaPaRJtq65ZddddP	2026-01-20T04:02:08+08:00	2026-01-20T04:02:00+08:00
Am1Hf3qYE7bgsr89GQCxABZcd25eJbTLVDxra51q38fa	2026-01-20T04:02:08+08:00	2026-01-20T04:02:00+08:00
4ppqncigQvckBZocyyg6WKkEGRVoUGRr1XGaQeoacCfp	2026-01-20T04:02:08+08:00	2026-01-20T04:02:00+08:00
9BJgLYeVGpFQxjwiaDhQNkNko7cbeuTEWP7EWj5tAnWc	2026-01-20T04:02:08+08:00	2026-01-20T04:02:00+08:00
DTvArYvushkiisNGtT2RbvjsUbCPTrZrPCdscvkUpT1y	2026-01-20T04:02:08+08:00	2026-01-20T04:02:00+08:00
BopNNHuy7K7gZprqueTNxxp3tof18ZBWPn3W2QVmrssw	2026-01-20T04:02:17+08:00	2026-01-20T04:02:00+08:00
3TKEaEYkEgzQ6po4uquoPHdi1y7ec5c7aoT76B26PSry	2026-01-20T04:02:17+08:00	2026-01-20T04:02:00+08:00
HEWzyZSGzTErxUxTCARyRUit3MPF4DTXxGjCmeacHiy2	2026-01-20T04:02:17+08:00	2026-01-20T04:02:00+08:00
8LPJcAA6yyuDDRs8bNSEJ1YZbj6o2RgAt3QbfRWNVM1D	2026-01-20T04:02:17+08:00	2026-01-20T04:02:00+08:00
9uHLnrWqU8MtRPpUaFyteEhVqCDZ1QrK5sikniAY68u2	2026-01-20T04:02:20+08:00	2026-01-20T04:02:00+08:00
78k5b8qVDqyPUF6cZKqXt8SywRwBjdLgBowY2ZQMN7k4	2026-01-20T04:02:23+08:00	2026-01-20T04:02:00+08:00
CJsEucSzioxn39Rnfa6tCfozdEhFqCgxVXiJcfaGDXgD	2026-01-20T04:02:27+08:00	2026-01-20T04:02:00+08:00
Gc9P6HQ8hx772XH365wrm6YmgcG5eyPswQ5mcKkJvXWp	2026-01-20T04:02:27+08:00	2026-01-20T04:02:00+08:00
FFwTqegCVqw2br9wWKLCim7iF7LL7saNAzs31yVNShQf	2026-01-20T04:02:28+08:00	2026-01-20T04:02:00+08:00
Ew6G2Vq8Uz41efNp6UVWaE11mfjSN5PTcLd4ytw9JxPt	2026-01-20T04:02:32+08:00	2026-01-20T04:02:00+08:00
7M5GfjQuxGEiuHn9cBvUV8JaZqPMm5ZrdT8NNmwqfqNx	2026-01-20T04:02:32+08:00	2026-01-20T04:02:00+08:00
5mrtAPLr1kKVaUSzaNj23PPDi2RGYzJzMf4N3TrYzYsW	2026-01-20T04:02:32+08:00	2026-01-20T04:02:00+08:00
8PTC1yyk9JcwSiKtVZcZiGwaAaWUo1VtUe8aryn9j99R	2026-01-20T04:02:36+08:00	2026-01-20T04:02:00+08:00
5WyzNa2FENqUibRmnLjRghRNB2Gu829NiUXhXf7DeC5B	2026-01-20T04:02:37+08:00	2026-01-20T04:02:00+08:00
947hi5yJAmGNPqxvhxvkGTCRksuvGhPckrntJFvtjsZH	2026-01-20T04:02:37+08:00	2026-01-20T04:02:00+08:00
5JQqNrbK5pahnGgN8dfBaSdAL6eFFQieoBW8LKFzJVt7	2026-01-20T04:02:40+08:00	2026-01-20T04:02:00+08:00
wi11w72x6viKDMGS7BEx3q1Niu281JfmQsMij79NiGb	2026-01-20T04:02:40+08:00	2026-01-20T04:02:00+08:00
43nfDR4wBnJYHkBgo7HEduus7tTdBj8AWJ7jWecS7JgN	2026-01-20T04:02:40+08:00	2026-01-20T04:02:00+08:00
689Lfde2241gpJpbraCDyVsci4FxttMxnNv1hVaxfgT1	2026-01-20T04:02:46+08:00	2026-01-20T04:02:00+08:00
3Z1hgSqERBFz623TGPsRRA4C3PkB4ywzS5SBWX2Qa6Df	2026-01-20T04:02:46+08:00	2026-01-20T04:02:00+08:00
LP3w12vrWYpHD2Z46LvM4NGid8tnnw9Pw7hhzVpP4oU	2026-01-20T04:02:49+08:00	2026-01-20T04:02:00+08:00
FUS7oxTdvncd5z2Zgznstq6hJHfYLXdCZ546A8ZzuCLG	2026-01-20T04:02:49+08:00	2026-01-20T04:02:00+08:00
FxQGjep42NNmb9dJNCNft84o6UXWDcUjtkM59E4eJL37	2026-01-20T04:02:49+08:00	2026-01-20T04:02:00+08:00
3Yad9fnkgAXMXo3jmyzrSZxBh5gxLmH9yVsj6fqpicEV	2026-01-20T04:02:49+08:00	2026-01-20T04:02:00+08:00
G8e2aweHeVzzQCFSjbDeRxz2qghjRoubXbH5AZpK8ZQV	2026-01-20T04:02:49+08:00	2026-01-20T04:02:00+08:00
3J5n3sATYg2cNC7FsaNEGRC9PMLV51BBqqsbkKvmZhZW	2026-01-20T04:02:52+08:00	2026-01-20T04:02:00+08:00
2aFuZuxHqqCZmtcnvkCV1q6JAFL8VkCUpUudiKbCEBhK	2026-01-20T04:02:53+08:00	2026-01-20T04:02:00+08:00
